1d0c5c5 fix(sglang): address the code-review findings on the DFlash2 co-train path
sglang 0.5.19 verl 0.8.0.dev
+ project_name=verl_grpo_example_dflash2_drafter
+ exp_name=qwen3_8b_dflash2_drafter_sglang
+ gen_tp=2
+ train_sp=1
+ ray_num_cpus=64
+ ray_worker_soft_limit=8
+ MODEL_PATH=/path/to/model
+ CKPTS_DIR=/path/to/checkpoint
+ TRAIN_FILE=/path/to/train_file
+ TEST_FILE=/path/to/test_file
+ DRAFTER_PATH=/path/to/sglang-compatible-dflash2-drafter
+ PYTHONUNBUFFERED=1
+ python3 -m verl_speco.main algorithm.adv_estimator=grpo ray_kwargs.ray_init.num_cpus=64 +ray_kwargs.ray_init._system_config.prestart_worker_first_driver=false +ray_kwargs.ray_init._system_config.num_workers_soft_limit=8 data.train_files=/path/to/train_file data.val_files=/path/to/test_file data.train_batch_size=64 data.max_prompt_length=512 data.max_response_length=8192 data.filter_overlong_prompts=True data.filter_overlong_prompts_workers=256 data.truncation=error actor_rollout_ref.model.path=/path/to/model actor_rollout_ref.actor.optim.lr=1e-6 actor_rollout_ref.model.use_remove_padding=True actor_rollout_ref.actor.ppo_mini_batch_size=16 actor_rollout_ref.actor.ppo_micro_batch_size_per_gpu=16 actor_rollout_ref.actor.use_kl_loss=True actor_rollout_ref.actor.kl_loss_coef=0.001 actor_rollout_ref.actor.kl_loss_type=low_var_kl actor_rollout_ref.actor.entropy_coeff=0 actor_rollout_ref.actor.calculate_entropy=False actor_rollout_ref.model.enable_gradient_checkpointing=True actor_rollout_ref.actor.fsdp_config.param_offload=True actor_rollout_ref.actor.fsdp_config.optimizer_offload=True actor_rollout_ref.rollout.log_prob_micro_batch_size_per_gpu=16 actor_rollout_ref.rollout.tensor_model_parallel_size=2 actor_rollout_ref.actor.ulysses_sequence_parallel_size=1 actor_rollout_ref.ref.ulysses_sequence_parallel_size=1 actor_rollout_ref.ref.log_prob_use_dynamic_bsz=True actor_rollout_ref.actor.use_dynamic_bsz=True actor_rollout_ref.rollout.log_prob_use_dynamic_bsz=True actor_rollout_ref.rollout.name=sglang +actor_rollout_ref.rollout.engine_kwargs.sglang.log_level=info actor_rollout_ref.rollout.gpu_memory_utilization=0.4 actor_rollout_ref.rollout.n=5 actor_rollout_ref.ref.log_prob_micro_batch_size_per_gpu=16 actor_rollout_ref.ref.fsdp_config.param_offload=True actor_rollout_ref.rollout.drafter.enable=True actor_rollout_ref.rollout.drafter.enable_drafter_training=True actor_rollout_ref.rollout.drafter.model_path=/path/to/sglang-compatible-dflash2-drafter actor_rollout_ref.rollout.drafter.speculative_algorithm=DFLASH2 actor_rollout_ref.rollout.drafter.training.collect_hidden_states_from_sgl=False actor_rollout_ref.rollout.drafter.training.collect_hidden_states_from_old_logprob=True actor_rollout_ref.rollout.drafter.training.old_logprob_hidden_capture_impl=forward_hook actor_rollout_ref.rollout.drafter.training.use_logits=False actor_rollout_ref.rollout.drafter.training.dflash2_block_size=8 actor_rollout_ref.rollout.drafter.training.dflash2_num_anchors=64 actor_rollout_ref.rollout.drafter.training.dflash2_loss_decay_gamma=7 actor_rollout_ref.rollout.drafter.training.dflash2_selector_loss_weight=1.0 actor_rollout_ref.rollout.drafter.training.dflash_max_window=512 actor_rollout_ref.rollout.drafter.rollout.spec_steps=1 actor_rollout_ref.rollout.drafter.rollout.spec_topk=1 actor_rollout_ref.rollout.drafter.rollout.spec_verify_tokens=8 actor_rollout_ref.rollout.drafter.training.step=20 actor_rollout_ref.rollout.drafter.training.collect_interval_steps=5 actor_rollout_ref.rollout.drafter.training.training_interval_steps=5 actor_rollout_ref.rollout.drafter.training.publish_async=True actor_rollout_ref.rollout.drafter.training.publish_dtype=bf16 actor_rollout_ref.rollout.drafter.training.draft_update_weights_bucket_megabytes=512 actor_rollout_ref.rollout.drafter.training.draft_update_pause_generation=True actor_rollout_ref.rollout.drafter.training.draft_update_flush_before=False actor_rollout_ref.rollout.drafter.training.draft_update_flush_after=True actor_rollout_ref.rollout.load_format=auto actor_rollout_ref.actor.strategy=fsdp2 algorithm.use_kl_in_reward=False trainer.val_before_train=False trainer.critic_warmup=0 'trainer.logger=["console","wandb"]' trainer.project_name=verl_grpo_example_dflash2_drafter trainer.experiment_name=qwen3_8b_dflash2_drafter_sglang trainer.n_gpus_per_node=8 trainer.nnodes=1 trainer.default_local_dir=/path/to/checkpoint trainer.save_freq=20 trainer.test_freq=5 trainer.total_epochs=15 actor_rollout_ref.model.path=/data/models/Qwen3/Qwen3-4B actor_rollout_ref.rollout.drafter.model_path=/data/models/Qwen3-4B-DFlash2 actor_rollout_ref.rollout.drafter.speculative_algorithm=DFLASH2 actor_rollout_ref.rollout.drafter.enable=True actor_rollout_ref.rollout.drafter.enable_drafter_training=true data.train_files=/data/verl_data/gsm8k/train.parquet data.val_files=/data/verl_data/gsm8k/test.parquet trainer.default_local_dir=/data/runs/speco_dflash2_cotrain/sgl_smoke/ckpt trainer.n_gpus_per_node=8 actor_rollout_ref.rollout.tensor_model_parallel_size=1 actor_rollout_ref.rollout.drafter.vllm.draft_tensor_parallel_size=1 data.train_batch_size=16 data.max_prompt_length=512 data.max_response_length=1024 actor_rollout_ref.rollout.n=4 actor_rollout_ref.actor.ppo_mini_batch_size=16 actor_rollout_ref.actor.ppo_micro_batch_size_per_gpu=4 actor_rollout_ref.rollout.log_prob_micro_batch_size_per_gpu=8 actor_rollout_ref.ref.log_prob_micro_batch_size_per_gpu=8 actor_rollout_ref.rollout.drafter.rollout.spec_steps=3 actor_rollout_ref.rollout.drafter.rollout.spec_topk=1 actor_rollout_ref.rollout.drafter.rollout.spec_verify_tokens=4 actor_rollout_ref.rollout.drafter.training.step=20 actor_rollout_ref.rollout.drafter.training.batch_size_per_gpu=4 actor_rollout_ref.rollout.drafter.training.collect_interval_steps=1 actor_rollout_ref.rollout.drafter.training.training_interval_steps=2 actor_rollout_ref.rollout.drafter.training.publish_interval_steps=2 actor_rollout_ref.rollout.drafter.training.train_batches_per_cycle=4 actor_rollout_ref.rollout.drafter.training.publish_async=False actor_rollout_ref.rollout.drafter.training.publish_dtype=bf16 actor_rollout_ref.rollout.drafter.training.draft_update_flush_before=True actor_rollout_ref.rollout.drafter.training.draft_update_flush_after=True 'trainer.logger=["console"]' trainer.val_before_train=False trainer.save_freq=-1 trainer.test_freq=-1 trainer.total_epochs=2 trainer.total_training_steps=8 data.train_max_samples=512 data.val_max_samples=16 data.dataloader_num_workers=0 actor_rollout_ref.rollout.drafter.training.hidden_state_window_min_rows=64 actor_rollout_ref.rollout.drafter.training.hidden_state_window_tokens_per_sample=128 actor_rollout_ref.actor.ulysses_sequence_parallel_size=1 actor_rollout_ref.ref.ulysses_sequence_parallel_size=1 actor_rollout_ref.rollout.drafter.rollout.spec_verify_tokens=8 actor_rollout_ref.rollout.drafter.training.dflash2_block_size=8 actor_rollout_ref.rollout.drafter.training.dflash2_num_anchors=32 actor_rollout_ref.rollout.drafter.training.dflash2_loss_decay_gamma=7 actor_rollout_ref.rollout.drafter.training.dflash_max_window=256 actor_rollout_ref.rollout.gpu_memory_utilization=0.5 data.filter_overlong_prompts_workers=16 ray_kwargs.ray_init.num_cpus=32 +actor_rollout_ref.rollout.engine_kwargs.sglang.disable_cuda_graph=True
/data/verl_speco_vllm028/verl/workers/engine/mindspeed/transformer_impl.py:24: UserWarning: NPU not support router replay for now.
  from verl.utils.megatron.router_replay_patch import RouterReplay
[2026-09-02 18:02:52,123][/data/speco_cotrain/verl_speco/integration/compat.py][WARNING] - SPECO requires import-only verl release/v0.8.0; found version='0.8.0.dev0', requested_revision=None, commit_id=None: expected version 0.8.0 or branch release/v0.8.0. Set VERL_SPECO_STRICT_VERL=1 to fail closed.
ray init kwargs: {'num_cpus': 32, '_system_config': {'prestart_worker_first_driver': False, 'num_workers_soft_limit': 8}, 'runtime_env': {'env_vars': {'TOKENIZERS_PARALLELISM': 'true', 'NCCL_DEBUG': 'WARN', 'VLLM_LOGGING_LEVEL': 'WARN', 'VLLM_ALLOW_RUNTIME_LORA_UPDATING': 'true', 'CUDA_DEVICE_MAX_CONNECTIONS': '1', 'VLLM_DISABLE_COMPILE_CACHE': '1', 'HCCL_HOST_SOCKET_PORT_RANGE': 'auto', 'HCCL_NPU_SOCKET_PORT_RANGE': 'auto', 'HSA_NO_SCRATCH_RECLAIM': '1'}, 'working_dir': None}}
2026-09-02 18:03:02,346	INFO worker.py:2015 -- Started a local Ray instance. View the dashboard at http://127.0.0.1:8265 
(raylet) [2026-09-02 18:03:10,365 E 727446 727478] (raylet) file_system_monitor.cc:116: /data/ray_tmp/ray/session_2026-09-02_18-02-52_158824_726500 is over 95% full, available space: 5988.54 GB; capacity: 512000 GB. Object creation will fail if spilling is required.
(pid=727725) /data/verl_speco_vllm028/verl/workers/engine/mindspeed/transformer_impl.py:24: UserWarning: NPU not support router replay for now.
(pid=727725)   from verl.utils.megatron.router_replay_patch import RouterReplay
(SpecoTaskRunner pid=727725) WARNING:2026-09-02 18:03:14,786:[speco vllm compat] patched transformers.configuration_utils missing ALLOWED_ATTENTION_LAYER_TYPES for vLLM import
(SpecoTaskRunner pid=727725) SpecoTaskRunner hostname: worker-pod, PID: 727725
(SpecoTaskRunner pid=727725) {'actor_rollout_ref': {'actor': {'_target_': 'verl.workers.config.FSDPActorConfig',
(SpecoTaskRunner pid=727725)                                  'calculate_entropy': False,
(SpecoTaskRunner pid=727725)                                  'calculate_sum_pi_squared': False,
(SpecoTaskRunner pid=727725)                                  'checkpoint': {'_target_': 'verl.trainer.config.CheckpointConfig',
(SpecoTaskRunner pid=727725)                                                 'async_save': False,
(SpecoTaskRunner pid=727725)                                                 'load_contents': ['model',
(SpecoTaskRunner pid=727725)                                                                   'optimizer',
(SpecoTaskRunner pid=727725)                                                                   'extra'],
(SpecoTaskRunner pid=727725)                                                 'mbridge_config': {},
(SpecoTaskRunner pid=727725)                                                 'save_contents': ['model',
(SpecoTaskRunner pid=727725)                                                                   'optimizer',
(SpecoTaskRunner pid=727725)                                                                   'extra'],
(SpecoTaskRunner pid=727725)                                                 'strict': True},
(SpecoTaskRunner pid=727725)                                  'clip_ratio': 0.2,
(SpecoTaskRunner pid=727725)                                  'clip_ratio_c': 3.0,
(SpecoTaskRunner pid=727725)                                  'clip_ratio_high': 0.2,
(SpecoTaskRunner pid=727725)                                  'clip_ratio_low': 0.2,
(SpecoTaskRunner pid=727725)                                  'data_loader_seed': 42,
(SpecoTaskRunner pid=727725)                                  'entropy_checkpointing': False,
(SpecoTaskRunner pid=727725)                                  'entropy_coeff': 0,
(SpecoTaskRunner pid=727725)                                  'entropy_from_logits_with_chunking': False,
(SpecoTaskRunner pid=727725)                                  'freeze_vision_tower': False,
(SpecoTaskRunner pid=727725)                                  'fsdp_config': {'_target_': 'verl.workers.config.FSDPEngineConfig',
(SpecoTaskRunner pid=727725)                                                  'dtype': 'bfloat16',
(SpecoTaskRunner pid=727725)                                                  'entropy_checkpointing': False,
(SpecoTaskRunner pid=727725)                                                  'entropy_from_logits_with_chunking': False,
(SpecoTaskRunner pid=727725)                                                  'forward_only': False,
(SpecoTaskRunner pid=727725)                                                  'forward_prefetch': False,
(SpecoTaskRunner pid=727725)                                                  'fsdp_size': -1,
(SpecoTaskRunner pid=727725)                                                  'full_determinism': False,
(SpecoTaskRunner pid=727725)                                                  'model_dtype': 'fp32',
(SpecoTaskRunner pid=727725)                                                  'offload_policy': False,
(SpecoTaskRunner pid=727725)                                                  'optimizer_offload': True,
(SpecoTaskRunner pid=727725)                                                  'param_offload': True,
(SpecoTaskRunner pid=727725)                                                  'qat': {'_target_': 'verl.workers.config.QATEngineConfig',
(SpecoTaskRunner pid=727725)                                                          'activation_observer': 'static_minmax',
(SpecoTaskRunner pid=727725)                                                          'enable': False,
(SpecoTaskRunner pid=727725)                                                          'group_size': 16,
(SpecoTaskRunner pid=727725)                                                          'ignore_patterns': ['lm_head',
(SpecoTaskRunner pid=727725)                                                                              'embed_tokens',
(SpecoTaskRunner pid=727725)                                                                              're:.*mlp.gate$'],
(SpecoTaskRunner pid=727725)                                                          'mode': 'w4a16',
(SpecoTaskRunner pid=727725)                                                          'quantization_config_path': None},
(SpecoTaskRunner pid=727725)                                                  'reshard_after_forward': True,
(SpecoTaskRunner pid=727725)                                                  'seed': 42,
(SpecoTaskRunner pid=727725)                                                  'strategy': 'fsdp',
(SpecoTaskRunner pid=727725)                                                  'ulysses_sequence_parallel_size': 1,
(SpecoTaskRunner pid=727725)                                                  'use_orig_params': False,
(SpecoTaskRunner pid=727725)                                                  'use_torch_compile': True,
(SpecoTaskRunner pid=727725)                                                  'wrap_policy': {'min_num_params': 0}},
(SpecoTaskRunner pid=727725)                                  'grad_clip': 1.0,
(SpecoTaskRunner pid=727725)                                  'kl_loss_coef': 0.001,
(SpecoTaskRunner pid=727725)                                  'kl_loss_type': 'low_var_kl',
(SpecoTaskRunner pid=727725)                                  'loss_agg_mode': 'token-mean',
(SpecoTaskRunner pid=727725)                                  'loss_scale_factor': None,
(SpecoTaskRunner pid=727725)                                  'optim': {'_target_': 'verl.workers.config.FSDPOptimizerConfig',
(SpecoTaskRunner pid=727725)                                            'betas': [0.9, 0.999],
(SpecoTaskRunner pid=727725)                                            'clip_grad': 1.0,
(SpecoTaskRunner pid=727725)                                            'lr': 1e-06,
(SpecoTaskRunner pid=727725)                                            'lr_scheduler_type': 'constant',
(SpecoTaskRunner pid=727725)                                            'lr_warmup_steps': -1,
(SpecoTaskRunner pid=727725)                                            'lr_warmup_steps_ratio': 0.0,
(SpecoTaskRunner pid=727725)                                            'min_lr_ratio': 0.0,
(SpecoTaskRunner pid=727725)                                            'num_cycles': 0.5,
(SpecoTaskRunner pid=727725)                                            'optimizer': 'AdamW',
(SpecoTaskRunner pid=727725)                                            'optimizer_impl': 'torch.optim',
(SpecoTaskRunner pid=727725)                                            'override_optimizer_config': None,
(SpecoTaskRunner pid=727725)                                            'total_training_steps': -1,
(SpecoTaskRunner pid=727725)                                            'warmup_style': None,
(SpecoTaskRunner pid=727725)                                            'weight_decay': 0.01,
(SpecoTaskRunner pid=727725)                                            'zero_indexed_step': True},
(SpecoTaskRunner pid=727725)                                  'policy_loss': {'_target_': 'verl.workers.config.PolicyLossConfig',
(SpecoTaskRunner pid=727725)                                                  'clip_cov_lb': 1.0,
(SpecoTaskRunner pid=727725)                                                  'clip_cov_ratio': 0.0002,
(SpecoTaskRunner pid=727725)                                                  'clip_cov_ub': 5.0,
(SpecoTaskRunner pid=727725)                                                  'kl_cov_ratio': 0.0002,
(SpecoTaskRunner pid=727725)                                                  'loss_mode': 'vanilla',
(SpecoTaskRunner pid=727725)                                                  'ppo_kl_coef': 0.1},
(SpecoTaskRunner pid=727725)                                  'ppo_epochs': 1,
(SpecoTaskRunner pid=727725)                                  'ppo_max_token_len_per_gpu': 16384,
(SpecoTaskRunner pid=727725)                                  'ppo_micro_batch_size': None,
(SpecoTaskRunner pid=727725)                                  'ppo_micro_batch_size_per_gpu': 4,
(SpecoTaskRunner pid=727725)                                  'ppo_mini_batch_size': 16,
(SpecoTaskRunner pid=727725)                                  'profiler': {'_target_': 'verl.utils.profiler.ProfilerConfig',
(SpecoTaskRunner pid=727725)                                               'all_ranks': False,
(SpecoTaskRunner pid=727725)                                               'enable': False,
(SpecoTaskRunner pid=727725)                                               'ranks': [],
(SpecoTaskRunner pid=727725)                                               'save_path': 'outputs/profile',
(SpecoTaskRunner pid=727725)                                               'tool': None,
(SpecoTaskRunner pid=727725)                                               'tool_config': {'npu': {'_target_': 'verl.utils.profiler.config.NPUToolConfig',
(SpecoTaskRunner pid=727725)                                                                       'analysis': True,
(SpecoTaskRunner pid=727725)                                                                       'contents': [],
(SpecoTaskRunner pid=727725)                                                                       'discrete': False,
(SpecoTaskRunner pid=727725)                                                                       'level': 'level0'},
(SpecoTaskRunner pid=727725)                                                               'nsys': {'_target_': 'verl.utils.profiler.config.NsightToolConfig',
(SpecoTaskRunner pid=727725)                                                                        'discrete': False},
(SpecoTaskRunner pid=727725)                                                               'precision_debugger': {'_target_': 'verl.utils.profiler.config.PrecisionDebuggerToolConfig',
(SpecoTaskRunner pid=727725)                                                                                      'config_path': None,
(SpecoTaskRunner pid=727725)                                                                                      'stages': None,
(SpecoTaskRunner pid=727725)                                                                                      'steps': None,
(SpecoTaskRunner pid=727725)                                                                                      'strict': False},
(SpecoTaskRunner pid=727725)                                                               'torch': {'_target_': 'verl.utils.profiler.config.TorchProfilerToolConfig',
(SpecoTaskRunner pid=727725)                                                                         'contents': [],
(SpecoTaskRunner pid=727725)                                                                         'discrete': False},
(SpecoTaskRunner pid=727725)                                                               'torch_memory': {'_target_': 'verl.utils.profiler.config.TorchMemoryToolConfig',
(SpecoTaskRunner pid=727725)                                                                                'stack_depth': 32,
(SpecoTaskRunner pid=727725)                                                                                'trace_alloc_max_entries': 100000}}},
(SpecoTaskRunner pid=727725)                                  'qat': {'activation_observer': 'static_minmax',
(SpecoTaskRunner pid=727725)                                          'enable': False,
(SpecoTaskRunner pid=727725)                                          'group_size': 16,
(SpecoTaskRunner pid=727725)                                          'ignore_patterns': ['lm_head',
(SpecoTaskRunner pid=727725)                                                              'embed_tokens',
(SpecoTaskRunner pid=727725)                                                              're:.*mlp.gate$'],
(SpecoTaskRunner pid=727725)                                          'mode': 'w4a16',
(SpecoTaskRunner pid=727725)                                          'quantization_config_path': None},
(SpecoTaskRunner pid=727725)                                  'rollout_n': 4,
(SpecoTaskRunner pid=727725)                                  'router_replay': {'_target_': 'verl.workers.config.RouterReplayConfig',
(SpecoTaskRunner pid=727725)                                                    'mode': 'disabled',
(SpecoTaskRunner pid=727725)                                                    'record_file': None,
(SpecoTaskRunner pid=727725)                                                    'replay_file': None},
(SpecoTaskRunner pid=727725)                                  'shuffle': False,
(SpecoTaskRunner pid=727725)                                  'strategy': 'fsdp2',
(SpecoTaskRunner pid=727725)                                  'tau_neg': 1.05,
(SpecoTaskRunner pid=727725)                                  'tau_pos': 1.0,
(SpecoTaskRunner pid=727725)                                  'ulysses_sequence_parallel_size': 1,
(SpecoTaskRunner pid=727725)                                  'use_dynamic_bsz': True,
(SpecoTaskRunner pid=727725)                                  'use_fused_kernels': False,
(SpecoTaskRunner pid=727725)                                  'use_kl_loss': True,
(SpecoTaskRunner pid=727725)                                  'use_prefix_grouper': False,
(SpecoTaskRunner pid=727725)                                  'use_remove_padding': True,
(SpecoTaskRunner pid=727725)                                  'use_torch_compile': True},
(SpecoTaskRunner pid=727725)                        'hybrid_engine': True,
(SpecoTaskRunner pid=727725)                        'model': {'_target_': 'verl.workers.config.HFModelConfig',
(SpecoTaskRunner pid=727725)                                  'custom_chat_template': None,
(SpecoTaskRunner pid=727725)                                  'enable_activation_offload': False,
(SpecoTaskRunner pid=727725)                                  'enable_gradient_checkpointing': True,
(SpecoTaskRunner pid=727725)                                  'exclude_modules': None,
(SpecoTaskRunner pid=727725)                                  'external_lib': None,
(SpecoTaskRunner pid=727725)                                  'fused_kernel_options': {'impl_backend': 'torch'},
(SpecoTaskRunner pid=727725)                                  'hf_config_path': None,
(SpecoTaskRunner pid=727725)                                  'lora': {'a2a_experimental': False,
(SpecoTaskRunner pid=727725)                                           'adapter_path': None,
(SpecoTaskRunner pid=727725)                                           'alpha': 32,
(SpecoTaskRunner pid=727725)                                           'dropout': 0.0,
(SpecoTaskRunner pid=727725)                                           'dropout_position': 'pre',
(SpecoTaskRunner pid=727725)                                           'dtype': None,
(SpecoTaskRunner pid=727725)                                           'exclude_modules': [],
(SpecoTaskRunner pid=727725)                                           'freeze_language_model': True,
(SpecoTaskRunner pid=727725)                                           'freeze_vision_model': True,
(SpecoTaskRunner pid=727725)                                           'freeze_vision_projection': True,
(SpecoTaskRunner pid=727725)                                           'lora_A_init_method': 'xavier',
(SpecoTaskRunner pid=727725)                                           'lora_B_init_method': 'zero',
(SpecoTaskRunner pid=727725)                                           'merge': False,
(SpecoTaskRunner pid=727725)                                           'rank': 0,
(SpecoTaskRunner pid=727725)                                           'target_modules': ['linear_qkv',
(SpecoTaskRunner pid=727725)                                                              'linear_proj',
(SpecoTaskRunner pid=727725)                                                              'linear_fc1',
(SpecoTaskRunner pid=727725)                                                              'linear_fc2'],
(SpecoTaskRunner pid=727725)                                           'type': 'lora'},
(SpecoTaskRunner pid=727725)                                  'lora_adapter_path': None,
(SpecoTaskRunner pid=727725)                                  'lora_alpha': 16,
(SpecoTaskRunner pid=727725)                                  'lora_rank': 0,
(SpecoTaskRunner pid=727725)                                  'mtp': {'_target_': 'verl.workers.config.MtpConfig',
(SpecoTaskRunner pid=727725)                                          'detach_encoder': False,
(SpecoTaskRunner pid=727725)                                          'enable': False,
(SpecoTaskRunner pid=727725)                                          'enable_rollout': False,
(SpecoTaskRunner pid=727725)                                          'enable_train': False,
(SpecoTaskRunner pid=727725)                                          'method': 'mtp',
(SpecoTaskRunner pid=727725)                                          'mtp_loss_scaling_factor': 0.1,
(SpecoTaskRunner pid=727725)                                          'num_speculative_tokens': 1,
(SpecoTaskRunner pid=727725)                                          'speculative_algorithm': 'EAGLE',
(SpecoTaskRunner pid=727725)                                          'speculative_eagle_topk': 1,
(SpecoTaskRunner pid=727725)                                          'speculative_num_draft_tokens': 4,
(SpecoTaskRunner pid=727725)                                          'speculative_num_steps': 3},
(SpecoTaskRunner pid=727725)                                  'override_config': {},
(SpecoTaskRunner pid=727725)                                  'path': '/data/models/Qwen3/Qwen3-4B',
(SpecoTaskRunner pid=727725)                                  'target_modules': 'all-linear',
(SpecoTaskRunner pid=727725)                                  'tiled_mlp': {'enabled': False,
(SpecoTaskRunner pid=727725)                                                'num_shards': 4},
(SpecoTaskRunner pid=727725)                                  'tokenizer_path': None,
(SpecoTaskRunner pid=727725)                                  'trust_remote_code': False,
(SpecoTaskRunner pid=727725)                                  'use_fused_kernels': False,
(SpecoTaskRunner pid=727725)                                  'use_liger': False,
(SpecoTaskRunner pid=727725)                                  'use_remove_padding': True,
(SpecoTaskRunner pid=727725)                                  'use_shm': False},
(SpecoTaskRunner pid=727725)                        'nccl_timeout': 600,
(SpecoTaskRunner pid=727725)                        'ref': {'_target_': 'verl.workers.config.FSDPActorConfig',
(SpecoTaskRunner pid=727725)                                'entropy_checkpointing': False,
(SpecoTaskRunner pid=727725)                                'entropy_from_logits_with_chunking': False,
(SpecoTaskRunner pid=727725)                                'fsdp_config': {'_target_': 'verl.workers.config.FSDPEngineConfig',
(SpecoTaskRunner pid=727725)                                                'dtype': 'bfloat16',
(SpecoTaskRunner pid=727725)                                                'entropy_checkpointing': False,
(SpecoTaskRunner pid=727725)                                                'entropy_from_logits_with_chunking': False,
(SpecoTaskRunner pid=727725)                                                'forward_only': True,
(SpecoTaskRunner pid=727725)                                                'forward_prefetch': False,
(SpecoTaskRunner pid=727725)                                                'fsdp_size': -1,
(SpecoTaskRunner pid=727725)                                                'full_determinism': False,
(SpecoTaskRunner pid=727725)                                                'model_dtype': 'fp32',
(SpecoTaskRunner pid=727725)                                                'offload_policy': False,
(SpecoTaskRunner pid=727725)                                                'optimizer_offload': False,
(SpecoTaskRunner pid=727725)                                                'param_offload': True,
(SpecoTaskRunner pid=727725)                                                'qat': {'_target_': 'verl.workers.config.QATEngineConfig',
(SpecoTaskRunner pid=727725)                                                        'activation_observer': 'static_minmax',
(SpecoTaskRunner pid=727725)                                                        'enable': False,
(SpecoTaskRunner pid=727725)                                                        'group_size': 16,
(SpecoTaskRunner pid=727725)                                                        'ignore_patterns': ['lm_head',
(SpecoTaskRunner pid=727725)                                                                            'embed_tokens',
(SpecoTaskRunner pid=727725)                                                                            're:.*mlp.gate$'],
(SpecoTaskRunner pid=727725)                                                        'mode': 'w4a16',
(SpecoTaskRunner pid=727725)                                                        'quantization_config_path': None},
(SpecoTaskRunner pid=727725)                                                'reshard_after_forward': True,
(SpecoTaskRunner pid=727725)                                                'seed': 42,
(SpecoTaskRunner pid=727725)                                                'strategy': 'fsdp',
(SpecoTaskRunner pid=727725)                                                'ulysses_sequence_parallel_size': 1,
(SpecoTaskRunner pid=727725)                                                'use_orig_params': False,
(SpecoTaskRunner pid=727725)                                                'use_torch_compile': True,
(SpecoTaskRunner pid=727725)                                                'wrap_policy': {'min_num_params': 0}},
(SpecoTaskRunner pid=727725)                                'log_prob_max_token_len_per_gpu': 16384,
(SpecoTaskRunner pid=727725)                                'log_prob_micro_batch_size': None,
(SpecoTaskRunner pid=727725)                                'log_prob_micro_batch_size_per_gpu': 8,
(SpecoTaskRunner pid=727725)                                'log_prob_use_dynamic_bsz': True,
(SpecoTaskRunner pid=727725)                                'profiler': {'_target_': 'verl.utils.profiler.ProfilerConfig',
(SpecoTaskRunner pid=727725)                                             'all_ranks': False,
(SpecoTaskRunner pid=727725)                                             'enable': False,
(SpecoTaskRunner pid=727725)                                             'ranks': [],
(SpecoTaskRunner pid=727725)                                             'save_path': 'outputs/profile',
(SpecoTaskRunner pid=727725)                                             'tool': None,
(SpecoTaskRunner pid=727725)                                             'tool_config': {'npu': {'_target_': 'verl.utils.profiler.config.NPUToolConfig',
(SpecoTaskRunner pid=727725)                                                                     'analysis': True,
(SpecoTaskRunner pid=727725)                                                                     'contents': [],
(SpecoTaskRunner pid=727725)                                                                     'discrete': False,
(SpecoTaskRunner pid=727725)                                                                     'level': 'level0'},
(SpecoTaskRunner pid=727725)                                                             'nsys': {'_target_': 'verl.utils.profiler.config.NsightToolConfig',
(SpecoTaskRunner pid=727725)                                                                      'discrete': False},
(SpecoTaskRunner pid=727725)                                                             'precision_debugger': {'_target_': 'verl.utils.profiler.config.PrecisionDebuggerToolConfig',
(SpecoTaskRunner pid=727725)                                                                                    'config_path': None,
(SpecoTaskRunner pid=727725)                                                                                    'stages': None,
(SpecoTaskRunner pid=727725)                                                                                    'steps': None,
(SpecoTaskRunner pid=727725)                                                                                    'strict': False},
(SpecoTaskRunner pid=727725)                                                             'torch': {'_target_': 'verl.utils.profiler.config.TorchProfilerToolConfig',
(SpecoTaskRunner pid=727725)                                                                       'contents': [],
(SpecoTaskRunner pid=727725)                                                                       'discrete': False},
(SpecoTaskRunner pid=727725)                                                             'torch_memory': {'_target_': 'verl.utils.profiler.config.TorchMemoryToolConfig',
(SpecoTaskRunner pid=727725)                                                                              'stack_depth': 32,
(SpecoTaskRunner pid=727725)                                                                              'trace_alloc_max_entries': 100000}}},
(SpecoTaskRunner pid=727725)                                'rollout_n': 4,
(SpecoTaskRunner pid=727725)                                'router_replay': {'_target_': 'verl.workers.config.RouterReplayConfig',
(SpecoTaskRunner pid=727725)                                                  'mode': 'disabled',
(SpecoTaskRunner pid=727725)                                                  'record_file': None,
(SpecoTaskRunner pid=727725)                                                  'replay_file': None},
(SpecoTaskRunner pid=727725)                                'strategy': 'fsdp2',
(SpecoTaskRunner pid=727725)                                'ulysses_sequence_parallel_size': 1,
(SpecoTaskRunner pid=727725)                                'use_torch_compile': True},
(SpecoTaskRunner pid=727725)                        'rollout': {'_target_': 'verl.workers.config.RolloutConfig',
(SpecoTaskRunner pid=727725)                                    'agent': {'_target_': 'verl.workers.config.AgentLoopConfig',
(SpecoTaskRunner pid=727725)                                              'agent_loop_config_path': None,
(SpecoTaskRunner pid=727725)                                              'custom_async_server': {'_target_': 'verl.workers.config.CustomAsyncServerConfig',
(SpecoTaskRunner pid=727725)                                                                      'name': None,
(SpecoTaskRunner pid=727725)                                                                      'path': None},
(SpecoTaskRunner pid=727725)                                              'default_agent_loop': 'single_turn_agent',
(SpecoTaskRunner pid=727725)                                              'num_workers': 8},
(SpecoTaskRunner pid=727725)                                    'calculate_log_probs': False,
(SpecoTaskRunner pid=727725)                                    'checkpoint_engine': {'_target_': 'verl.workers.config.CheckpointEngineConfig',
(SpecoTaskRunner pid=727725)                                                          'backend': 'naive',
(SpecoTaskRunner pid=727725)                                                          'custom_backend_module': None,
(SpecoTaskRunner pid=727725)                                                          'engine_kwargs': {},
(SpecoTaskRunner pid=727725)                                                          'update_weights_bucket_megabytes': 2048},
(SpecoTaskRunner pid=727725)                                    'cudagraph_capture_sizes': None,
(SpecoTaskRunner pid=727725)                                    'data_parallel_size': 1,
(SpecoTaskRunner pid=727725)                                    'disable_log_stats': True,
(SpecoTaskRunner pid=727725)                                    'disaggregation': {'bootstrap_port': None,
(SpecoTaskRunner pid=727725)                                                       'decode_replicas': 1,
(SpecoTaskRunner pid=727725)                                                       'decode_tensor_model_parallel_size': None,
(SpecoTaskRunner pid=727725)                                                       'enabled': False,
(SpecoTaskRunner pid=727725)                                                       'ib_device': None,
(SpecoTaskRunner pid=727725)                                                       'prefill_replicas': 1,
(SpecoTaskRunner pid=727725)                                                       'transfer_backend': 'nixl'},
(SpecoTaskRunner pid=727725)                                    'do_sample': True,
(SpecoTaskRunner pid=727725)                                    'drafter': {'checkpoint_path': None,
(SpecoTaskRunner pid=727725)                                                'enable': True,
(SpecoTaskRunner pid=727725)                                                'enable_drafter_training': True,
(SpecoTaskRunner pid=727725)                                                'model_path': '/data/models/Qwen3-4B-DFlash2',
(SpecoTaskRunner pid=727725)                                                'rollout': {'cuda_graph_max_bs': None,
(SpecoTaskRunner pid=727725)                                                            'spec_steps': 3,
(SpecoTaskRunner pid=727725)                                                            'spec_topk': 1,
(SpecoTaskRunner pid=727725)                                                            'spec_verify_tokens': 8},
(SpecoTaskRunner pid=727725)                                                'speculative_algorithm': 'DFLASH2',
(SpecoTaskRunner pid=727725)                                                'training': {'allow_sglang_prenorm_last_layer': False,
(SpecoTaskRunner pid=727725)                                                             'batch_size_per_gpu': 4,
(SpecoTaskRunner pid=727725)                                                             'collect_hidden_states_from_old_logprob': True,
(SpecoTaskRunner pid=727725)                                                             'collect_hidden_states_from_sgl': False,
(SpecoTaskRunner pid=727725)                                                             'collect_interval_steps': 1,
(SpecoTaskRunner pid=727725)                                                             'collection_sample_rate': 1.0,
(SpecoTaskRunner pid=727725)                                                             'current_max_samples': 2048,
(SpecoTaskRunner pid=727725)                                                             'data_buffer_max_size': 1024,
(SpecoTaskRunner pid=727725)                                                             'dflash2_block_size': 8,
(SpecoTaskRunner pid=727725)                                                             'dflash2_conv_group_size': 16,
(SpecoTaskRunner pid=727725)                                                             'dflash2_conv_kernel_size': 2,
(SpecoTaskRunner pid=727725)                                                             'dflash2_hidden_size': None,
(SpecoTaskRunner pid=727725)                                                             'dflash2_loss_decay_gamma': 7,
(SpecoTaskRunner pid=727725)                                                             'dflash2_mask_token_id': None,
(SpecoTaskRunner pid=727725)                                                             'dflash2_num_anchors': 32,
(SpecoTaskRunner pid=727725)                                                             'dflash2_num_hidden_layers': 5,
(SpecoTaskRunner pid=727725)                                                             'dflash2_num_target_layers': 5,
(SpecoTaskRunner pid=727725)                                                             'dflash2_selector_loss_weight': 1.0,
(SpecoTaskRunner pid=727725)                                                             'dflash2_selector_rank': 256,
(SpecoTaskRunner pid=727725)                                                             'dflash2_selector_top_k': 16,
(SpecoTaskRunner pid=727725)                                                             'dflash2_target_layer_ids': None,
(SpecoTaskRunner pid=727725)                                                             'dflash_block_size': 16,
(SpecoTaskRunner pid=727725)                                                             'dflash_front_position_count': 0,
(SpecoTaskRunner pid=727725)                                                             'dflash_front_position_weight': 1.0,
(SpecoTaskRunner pid=727725)                                                             'dflash_hard_sample_ratio': 0.0,
(SpecoTaskRunner pid=727725)                                                             'dflash_hidden_size': None,
(SpecoTaskRunner pid=727725)                                                             'dflash_loss_decay_gamma': 7.0,
(SpecoTaskRunner pid=727725)                                                             'dflash_loss_mode': 'full_vocab',
(SpecoTaskRunner pid=727725)                                                             'dflash_mask_token_id': None,
(SpecoTaskRunner pid=727725)                                                             'dflash_max_window': 256,
(SpecoTaskRunner pid=727725)                                                             'dflash_num_anchors': 512,
(SpecoTaskRunner pid=727725)                                                             'dflash_num_hidden_layers': 1,
(SpecoTaskRunner pid=727725)                                                             'dflash_num_target_layers': 5,
(SpecoTaskRunner pid=727725)                                                             'dflash_sampled_ce_negatives': 0,
(SpecoTaskRunner pid=727725)                                                             'dflash_target_layer_ids': None,
(SpecoTaskRunner pid=727725)                                                             'domino_block_size': 16,
(SpecoTaskRunner pid=727725)                                                             'domino_emb_dim': 256,
(SpecoTaskRunner pid=727725)                                                             'domino_gru_hidden_dim': 1024,
(SpecoTaskRunner pid=727725)                                                             'domino_hidden_size': None,
(SpecoTaskRunner pid=727725)                                                             'domino_lambda_base_decay_steps': 2000,
(SpecoTaskRunner pid=727725)                                                             'domino_lambda_base_start': 1.0,
(SpecoTaskRunner pid=727725)                                                             'domino_loss_decay_gamma': 7.0,
(SpecoTaskRunner pid=727725)                                                             'domino_mask_token_id': None,
(SpecoTaskRunner pid=727725)                                                             'domino_max_window': 512,
(SpecoTaskRunner pid=727725)                                                             'domino_num_anchors': 512,
(SpecoTaskRunner pid=727725)                                                             'domino_num_hidden_layers': 5,
(SpecoTaskRunner pid=727725)                                                             'domino_num_target_layers': 5,
(SpecoTaskRunner pid=727725)                                                             'domino_pure_draft_prefix_len': 1,
(SpecoTaskRunner pid=727725)                                                             'domino_shift_label': True,
(SpecoTaskRunner pid=727725)                                                             'domino_target_layer_ids': None,
(SpecoTaskRunner pid=727725)                                                             'draft_update_flush_after': True,
(SpecoTaskRunner pid=727725)                                                             'draft_update_flush_before': True,
(SpecoTaskRunner pid=727725)                                                             'draft_update_pause_generation': True,
(SpecoTaskRunner pid=727725)                                                             'draft_update_use_shm': None,
(SpecoTaskRunner pid=727725)                                                             'draft_update_weights_bucket_megabytes': 512,
(SpecoTaskRunner pid=727725)                                                             'dspark_block_size': 7,
(SpecoTaskRunner pid=727725)                                                             'dspark_ce_loss_alpha': 0.1,
(SpecoTaskRunner pid=727725)                                                             'dspark_confidence_head_alpha': 0.0,
(SpecoTaskRunner pid=727725)                                                             'dspark_confidence_head_with_markov': True,
(SpecoTaskRunner pid=727725)                                                             'dspark_confidence_loss_alpha': 0.0,
(SpecoTaskRunner pid=727725)                                                             'dspark_debug_log': False,
(SpecoTaskRunner pid=727725)                                                             'dspark_debug_log_first_n': 2,
(SpecoTaskRunner pid=727725)                                                             'dspark_debug_log_interval': 100,
(SpecoTaskRunner pid=727725)                                                             'dspark_hard_sample_ratio': 0.0,
(SpecoTaskRunner pid=727725)                                                             'dspark_hidden_size': None,
(SpecoTaskRunner pid=727725)                                                             'dspark_l1_chunk_size': 0,
(SpecoTaskRunner pid=727725)                                                             'dspark_l1_loss_alpha': 0.45,
(SpecoTaskRunner pid=727725)                                                             'dspark_loss_decay_gamma': 7.0,
(SpecoTaskRunner pid=727725)                                                             'dspark_loss_mode': 'full_vocab',
(SpecoTaskRunner pid=727725)                                                             'dspark_markov_head_type': 'vanilla',
(SpecoTaskRunner pid=727725)                                                             'dspark_markov_rank': 256,
(SpecoTaskRunner pid=727725)                                                             'dspark_mask_token_id': None,
(SpecoTaskRunner pid=727725)                                                             'dspark_max_window': 512,
(SpecoTaskRunner pid=727725)                                                             'dspark_num_anchors': 32,
(SpecoTaskRunner pid=727725)                                                             'dspark_num_hidden_layers': 5,
(SpecoTaskRunner pid=727725)                                                             'dspark_num_target_layers': 5,
(SpecoTaskRunner pid=727725)                                                             'dspark_sampled_ce_negatives': 0,
(SpecoTaskRunner pid=727725)                                                             'dspark_target_layer_ids': None,
(SpecoTaskRunner pid=727725)                                                             'eagle1_feature_noise': 0.0,
(SpecoTaskRunner pid=727725)                                                             'eagle1_hidden_loss_weight': 1.0,
(SpecoTaskRunner pid=727725)                                                             'eagle1_num_hidden_layers': 1,
(SpecoTaskRunner pid=727725)                                                             'eagle1_token_loss_weight': 0.1,
(SpecoTaskRunner pid=727725)                                                             'feature_store': {'flush_interval_steps': 1,
(SpecoTaskRunner pid=727725)                                                                               'max_sample_step': None,
(SpecoTaskRunner pid=727725)                                                                               'max_samples_per_shard': 1024,
(SpecoTaskRunner pid=727725)                                                                               'min_sample_step': None,
(SpecoTaskRunner pid=727725)                                                                               'path': None,
(SpecoTaskRunner pid=727725)                                                                               'prefetch_depth': 2,
(SpecoTaskRunner pid=727725)                                                                               'repeat': True,
(SpecoTaskRunner pid=727725)                                                                               'shuffle': True,
(SpecoTaskRunner pid=727725)                                                                               'strict_schema': True,
(SpecoTaskRunner pid=727725)                                                                               'type': 'torch_shard'},
(SpecoTaskRunner pid=727725)                                                             'hidden_state_clip_value': 10000.0,
(SpecoTaskRunner pid=727725)                                                             'hidden_state_max_tokens_per_sample': None,
(SpecoTaskRunner pid=727725)                                                             'hidden_state_random_max_offset': None,
(SpecoTaskRunner pid=727725)                                                             'hidden_state_random_seed_by_step': True,
(SpecoTaskRunner pid=727725)                                                             'hidden_state_window_min_rows': 64,
(SpecoTaskRunner pid=727725)                                                             'hidden_state_window_mode': 'front',
(SpecoTaskRunner pid=727725)                                                             'hidden_state_window_tokens_per_sample': 128,
(SpecoTaskRunner pid=727725)                                                             'logits_coverage_mask_min_ratio': 0.1,
(SpecoTaskRunner pid=727725)                                                             'logits_coverage_mask_require_top1': False,
(SpecoTaskRunner pid=727725)                                                             'logits_sparse_min_intersection': 1,
(SpecoTaskRunner pid=727725)                                                             'logits_sparse_min_mass': None,
(SpecoTaskRunner pid=727725)                                                             'logits_topk': 128,
(SpecoTaskRunner pid=727725)                                                             'lr': 1e-05,
(SpecoTaskRunner pid=727725)                                                             'lr_decay_steps': 100,
(SpecoTaskRunner pid=727725)                                                             'lr_scheduler_type': 'constant',
(SpecoTaskRunner pid=727725)                                                             'lr_warmup_steps': 0,
(SpecoTaskRunner pid=727725)                                                             'max_collect_samples_per_step_per_replica': 16,
(SpecoTaskRunner pid=727725)                                                             'max_collect_tokens_per_step_per_replica': 16384,
(SpecoTaskRunner pid=727725)                                                             'max_seq_len': 8192,
(SpecoTaskRunner pid=727725)                                                             'min_lr_ratio': 0.1,
(SpecoTaskRunner pid=727725)                                                             'mode': 'online',
(SpecoTaskRunner pid=727725)                                                             'old_logprob_hidden_capture_impl': 'forward_hook',
(SpecoTaskRunner pid=727725)                                                             'park_hccl_after_drafter_training': False,
(SpecoTaskRunner pid=727725)                                                             'peagle_down_sample_ratio': 0.7,
(SpecoTaskRunner pid=727725)                                                             'peagle_down_sample_ratio_min': 0.2,
(SpecoTaskRunner pid=727725)                                                             'peagle_draft_vocab_size': None,
(SpecoTaskRunner pid=727725)                                                             'peagle_fc_norm': False,
(SpecoTaskRunner pid=727725)                                                             'peagle_mask_token_id': None,
(SpecoTaskRunner pid=727725)                                                             'peagle_num_aux_hidden_states': 3,
(SpecoTaskRunner pid=727725)                                                             'peagle_num_depths': 8,
(SpecoTaskRunner pid=727725)                                                             'peagle_num_draft_layers': 4,
(SpecoTaskRunner pid=727725)                                                             'publish_async': False,
(SpecoTaskRunner pid=727725)                                                             'publish_dtype': 'bf16',
(SpecoTaskRunner pid=727725)                                                             'publish_interval_steps': 2,
(SpecoTaskRunner pid=727725)                                                             'publish_param_name_patterns': None,
(SpecoTaskRunner pid=727725)                                                             'resume_trainer_state_from_checkpoint': True,
(SpecoTaskRunner pid=727725)                                                             'sample_last_n_steps': 20,
(SpecoTaskRunner pid=727725)                                                             'save_full_drafter_checkpoint': True,
(SpecoTaskRunner pid=727725)                                                             'skip_heavy_cleanup_after_drafter_training': False,
(SpecoTaskRunner pid=727725)                                                             'step': 20,
(SpecoTaskRunner pid=727725)                                                             'target_lm_head_row_restricted_sync': True,
(SpecoTaskRunner pid=727725)                                                             'train_batches_per_cycle': 4,
(SpecoTaskRunner pid=727725)                                                             'training_interval_steps': 2,
(SpecoTaskRunner pid=727725)                                                             'ttt_length': 1,
(SpecoTaskRunner pid=727725)                                                             'use_data_buffer': False,
(SpecoTaskRunner pid=727725)                                                             'use_logits': False,
(SpecoTaskRunner pid=727725)                                                             'vocab_mapping_path': None,
(SpecoTaskRunner pid=727725)                                                             'warmup_style': None},
(SpecoTaskRunner pid=727725)                                                'vllm': {'allow_lossy_speculative_sampling': False,
(SpecoTaskRunner pid=727725)                                                         'draft_tensor_parallel_size': 1,
(SpecoTaskRunner pid=727725)                                                         'enforce_eager': None,
(SpecoTaskRunner pid=727725)                                                         'max_model_len': None,
(SpecoTaskRunner pid=727725)                                                         'speculative_config_overrides': {}},
(SpecoTaskRunner pid=727725)                                                'world_size': 16},
(SpecoTaskRunner pid=727725)                                    'dtype': 'bfloat16',
(SpecoTaskRunner pid=727725)                                    'enable_chunked_prefill': True,
(SpecoTaskRunner pid=727725)                                    'enable_prefix_caching': True,
(SpecoTaskRunner pid=727725)                                    'enable_rollout_routing_replay': False,
(SpecoTaskRunner pid=727725)                                    'enforce_eager': False,
(SpecoTaskRunner pid=727725)                                    'engine_kwargs': {'sglang': {'disable_cuda_graph': True,
(SpecoTaskRunner pid=727725)                                                                 'log_level': 'info'},
(SpecoTaskRunner pid=727725)                                                      'trtllm': {},
(SpecoTaskRunner pid=727725)                                                      'vllm': {}},
(SpecoTaskRunner pid=727725)                                    'expert_parallel_size': 1,
(SpecoTaskRunner pid=727725)                                    'free_cache_engine': True,
(SpecoTaskRunner pid=727725)                                    'gpu_memory_utilization': 0.5,
(SpecoTaskRunner pid=727725)                                    'ignore_eos': False,
(SpecoTaskRunner pid=727725)                                    'layered_summon': False,
(SpecoTaskRunner pid=727725)                                    'load_format': 'auto',
(SpecoTaskRunner pid=727725)                                    'log_prob_max_token_len_per_gpu': 16384,
(SpecoTaskRunner pid=727725)                                    'log_prob_micro_batch_size': None,
(SpecoTaskRunner pid=727725)                                    'log_prob_micro_batch_size_per_gpu': 8,
(SpecoTaskRunner pid=727725)                                    'log_prob_use_dynamic_bsz': True,
(SpecoTaskRunner pid=727725)                                    'logprobs_mode': 'processed_logprobs',
(SpecoTaskRunner pid=727725)                                    'max_model_len': None,
(SpecoTaskRunner pid=727725)                                    'max_num_batched_tokens': 8192,
(SpecoTaskRunner pid=727725)                                    'max_num_seqs': 1024,
(SpecoTaskRunner pid=727725)                                    'mode': 'async',
(SpecoTaskRunner pid=727725)                                    'mtp': {'_target_': 'verl.workers.config.MtpConfig',
(SpecoTaskRunner pid=727725)                                            'detach_encoder': False,
(SpecoTaskRunner pid=727725)                                            'enable': False,
(SpecoTaskRunner pid=727725)                                            'enable_rollout': False,
(SpecoTaskRunner pid=727725)                                            'enable_train': False,
(SpecoTaskRunner pid=727725)                                            'method': 'mtp',
(SpecoTaskRunner pid=727725)                                            'mtp_loss_scaling_factor': 0.1,
(SpecoTaskRunner pid=727725)                                            'num_speculative_tokens': 1,
(SpecoTaskRunner pid=727725)                                            'speculative_algorithm': 'EAGLE',
(SpecoTaskRunner pid=727725)                                            'speculative_eagle_topk': 1,
(SpecoTaskRunner pid=727725)                                            'speculative_num_draft_tokens': 4,
(SpecoTaskRunner pid=727725)                                            'speculative_num_steps': 3},
(SpecoTaskRunner pid=727725)                                    'multi_stage_wake_up': False,
(SpecoTaskRunner pid=727725)                                    'multi_turn': {'_target_': 'verl.workers.config.MultiTurnConfig',
(SpecoTaskRunner pid=727725)                                                   'enable': False,
(SpecoTaskRunner pid=727725)                                                   'format': 'hermes',
(SpecoTaskRunner pid=727725)                                                   'function_tool_path': None,
(SpecoTaskRunner pid=727725)                                                   'max_assistant_turns': None,
(SpecoTaskRunner pid=727725)                                                   'max_parallel_calls': 1,
(SpecoTaskRunner pid=727725)                                                   'max_tool_response_length': 256,
(SpecoTaskRunner pid=727725)                                                   'max_user_turns': None,
(SpecoTaskRunner pid=727725)                                                   'num_repeat_rollouts': None,
(SpecoTaskRunner pid=727725)                                                   'tokenization_sanity_check_mode': 'strict',
(SpecoTaskRunner pid=727725)                                                   'tool_config_path': None,
(SpecoTaskRunner pid=727725)                                                   'tool_response_truncate_side': 'middle',
(SpecoTaskRunner pid=727725)                                                   'use_inference_chat_template': False},
(SpecoTaskRunner pid=727725)                                    'n': 4,
(SpecoTaskRunner pid=727725)                                    'n_gpus_per_node': 8,
(SpecoTaskRunner pid=727725)                                    'name': 'sglang',
(SpecoTaskRunner pid=727725)                                    'nnodes': 0,
(SpecoTaskRunner pid=727725)                                    'over_sample_rate': 0,
(SpecoTaskRunner pid=727725)                                    'pipeline_model_parallel_size': 1,
(SpecoTaskRunner pid=727725)                                    'profiler': {'_target_': 'verl.utils.profiler.ProfilerConfig',
(SpecoTaskRunner pid=727725)                                                 'all_ranks': False,
(SpecoTaskRunner pid=727725)                                                 'enable': False,
(SpecoTaskRunner pid=727725)                                                 'ranks': [],
(SpecoTaskRunner pid=727725)                                                 'save_path': 'outputs/profile',
(SpecoTaskRunner pid=727725)                                                 'tool': None,
(SpecoTaskRunner pid=727725)                                                 'tool_config': {'npu': {'_target_': 'verl.utils.profiler.config.NPUToolConfig',
(SpecoTaskRunner pid=727725)                                                                         'analysis': True,
(SpecoTaskRunner pid=727725)                                                                         'contents': [],
(SpecoTaskRunner pid=727725)                                                                         'discrete': False,
(SpecoTaskRunner pid=727725)                                                                         'level': 'level0'},
(SpecoTaskRunner pid=727725)                                                                 'precision_debugger': {'_target_': 'verl.utils.profiler.config.PrecisionDebuggerToolConfig',
(SpecoTaskRunner pid=727725)                                                                                        'config_path': None,
(SpecoTaskRunner pid=727725)                                                                                        'stages': None,
(SpecoTaskRunner pid=727725)                                                                                        'steps': None,
(SpecoTaskRunner pid=727725)                                                                                        'strict': False},
(SpecoTaskRunner pid=727725)                                                                 'torch': {'_target_': 'verl.utils.profiler.config.TorchProfilerToolConfig',
(SpecoTaskRunner pid=727725)                                                                           'contents': [],
(SpecoTaskRunner pid=727725)                                                                           'discrete': False}}},
(SpecoTaskRunner pid=727725)                                    'prometheus': {'_target_': 'verl.workers.config.PrometheusConfig',
(SpecoTaskRunner pid=727725)                                                   'enable': False,
(SpecoTaskRunner pid=727725)                                                   'file': '/tmp/ray/session_latest/metrics/prometheus/prometheus.yml',
(SpecoTaskRunner pid=727725)                                                   'port': 9090,
(SpecoTaskRunner pid=727725)                                                   'served_model_name': '/data/models/Qwen3/Qwen3-4B'},
(SpecoTaskRunner pid=727725)                                    'prompt_length': 512,
(SpecoTaskRunner pid=727725)                                    'qat': {'_target_': 'verl.workers.config.QATEngineConfig',
(SpecoTaskRunner pid=727725)                                            'activation_observer': 'static_minmax',
(SpecoTaskRunner pid=727725)                                            'enable': False,
(SpecoTaskRunner pid=727725)                                            'group_size': 16,
(SpecoTaskRunner pid=727725)                                            'ignore_patterns': ['lm_head',
(SpecoTaskRunner pid=727725)                                                                'embed_tokens',
(SpecoTaskRunner pid=727725)                                                                're:.*mlp.gate$'],
(SpecoTaskRunner pid=727725)                                            'mode': 'w4a16',
(SpecoTaskRunner pid=727725)                                            'quantization_config_path': None},
(SpecoTaskRunner pid=727725)                                    'quantization': None,
(SpecoTaskRunner pid=727725)                                    'quantization_config_file': None,
(SpecoTaskRunner pid=727725)                                    'response_length': 1024,
(SpecoTaskRunner pid=727725)                                    'scheduling_policy': 'fcfs',
(SpecoTaskRunner pid=727725)                                    'skip': {'_target_': 'verl.workers.config.SkipConfig',
(SpecoTaskRunner pid=727725)                                             'action': 'cache',
(SpecoTaskRunner pid=727725)                                             'dump_dir': '~/.verl/rollout_dump',
(SpecoTaskRunner pid=727725)                                             'enable': False,
(SpecoTaskRunner pid=727725)                                             'max_dump_step': 1},
(SpecoTaskRunner pid=727725)                                    'skip_tokenizer_init': True,
(SpecoTaskRunner pid=727725)                                    'temperature': 1.0,
(SpecoTaskRunner pid=727725)                                    'tensor_model_parallel_size': 1,
(SpecoTaskRunner pid=727725)                                    'top_k': -1,
(SpecoTaskRunner pid=727725)                                    'top_p': 1,
(SpecoTaskRunner pid=727725)                                    'trace': {'_target_': 'verl.workers.config.TraceConfig',
(SpecoTaskRunner pid=727725)                                              'backend': None,
(SpecoTaskRunner pid=727725)                                              'experiment_name': 'qwen3_8b_dflash2_drafter_sglang',
(SpecoTaskRunner pid=727725)                                              'max_samples_per_step_per_worker': None,
(SpecoTaskRunner pid=727725)                                              'project_name': 'verl_grpo_example_dflash2_drafter',
(SpecoTaskRunner pid=727725)                                              'token2text': False},
(SpecoTaskRunner pid=727725)                                    'val_kwargs': {'_target_': 'verl.workers.config.SamplingConfig',
(SpecoTaskRunner pid=727725)                                                   'do_sample': False,
(SpecoTaskRunner pid=727725)                                                   'n': 1,
(SpecoTaskRunner pid=727725)                                                   'temperature': 0,
(SpecoTaskRunner pid=727725)                                                   'top_k': -1,
(SpecoTaskRunner pid=727725)                                                   'top_p': 1.0}}},
(SpecoTaskRunner pid=727725)  'algorithm': {'_target_': 'verl.trainer.config.AlgoConfig',
(SpecoTaskRunner pid=727725)                'adv_estimator': 'grpo',
(SpecoTaskRunner pid=727725)                'gamma': 1.0,
(SpecoTaskRunner pid=727725)                'kl_ctrl': {'_target_': 'verl.trainer.config.KLControlConfig',
(SpecoTaskRunner pid=727725)                            'horizon': 10000,
(SpecoTaskRunner pid=727725)                            'kl_coef': 0.001,
(SpecoTaskRunner pid=727725)                            'target_kl': 0.1,
(SpecoTaskRunner pid=727725)                            'type': 'fixed'},
(SpecoTaskRunner pid=727725)                'kl_penalty': 'kl',
(SpecoTaskRunner pid=727725)                'lam': 1.0,
(SpecoTaskRunner pid=727725)                'norm_adv_by_std_in_grpo': True,
(SpecoTaskRunner pid=727725)                'pf_ppo': {'reweight_method': 'pow', 'weight_pow': 2.0},
(SpecoTaskRunner pid=727725)                'rollout_correction': {'bypass_mode': False,
(SpecoTaskRunner pid=727725)                                       'loss_type': 'ppo_clip',
(SpecoTaskRunner pid=727725)                                       'rollout_is': None,
(SpecoTaskRunner pid=727725)                                       'rollout_is_batch_normalize': False,
(SpecoTaskRunner pid=727725)                                       'rollout_is_threshold': 2.0,
(SpecoTaskRunner pid=727725)                                       'rollout_rs': None,
(SpecoTaskRunner pid=727725)                                       'rollout_rs_threshold': None},
(SpecoTaskRunner pid=727725)                'use_kl_in_reward': False,
(SpecoTaskRunner pid=727725)                'use_pf_ppo': False},
(SpecoTaskRunner pid=727725)  'critic': {'_target_': 'verl.workers.config.FSDPCriticConfig',
(SpecoTaskRunner pid=727725)             'checkpoint': {'_target_': 'verl.trainer.config.CheckpointConfig',
(SpecoTaskRunner pid=727725)                            'async_save': False,
(SpecoTaskRunner pid=727725)                            'load_contents': ['model', 'optimizer', 'extra'],
(SpecoTaskRunner pid=727725)                            'mbridge_config': {},
(SpecoTaskRunner pid=727725)                            'save_contents': ['model', 'optimizer', 'extra']},
(SpecoTaskRunner pid=727725)             'cliprange_value': 0.5,
(SpecoTaskRunner pid=727725)             'data_loader_seed': 42,
(SpecoTaskRunner pid=727725)             'enable': None,
(SpecoTaskRunner pid=727725)             'forward_max_token_len_per_gpu': 32768,
(SpecoTaskRunner pid=727725)             'forward_micro_batch_size': None,
(SpecoTaskRunner pid=727725)             'forward_micro_batch_size_per_gpu': None,
(SpecoTaskRunner pid=727725)             'fsdp': {'_target_': 'verl.workers.config.FSDPEngineConfig',
(SpecoTaskRunner pid=727725)                      'dtype': 'bfloat16',
(SpecoTaskRunner pid=727725)                      'entropy_checkpointing': False,
(SpecoTaskRunner pid=727725)                      'entropy_from_logits_with_chunking': False,
(SpecoTaskRunner pid=727725)                      'forward_only': False,
(SpecoTaskRunner pid=727725)                      'forward_prefetch': False,
(SpecoTaskRunner pid=727725)                      'fsdp_size': -1,
(SpecoTaskRunner pid=727725)                      'full_determinism': False,
(SpecoTaskRunner pid=727725)                      'model_dtype': 'fp32',
(SpecoTaskRunner pid=727725)                      'offload_policy': False,
(SpecoTaskRunner pid=727725)                      'optimizer_offload': False,
(SpecoTaskRunner pid=727725)                      'param_offload': False,
(SpecoTaskRunner pid=727725)                      'qat': {'_target_': 'verl.workers.config.QATEngineConfig',
(SpecoTaskRunner pid=727725)                              'activation_observer': 'static_minmax',
(SpecoTaskRunner pid=727725)                              'enable': False,
(SpecoTaskRunner pid=727725)                              'group_size': 16,
(SpecoTaskRunner pid=727725)                              'ignore_patterns': ['lm_head',
(SpecoTaskRunner pid=727725)                                                  'embed_tokens',
(SpecoTaskRunner pid=727725)                                                  're:.*mlp.gate$'],
(SpecoTaskRunner pid=727725)                              'mode': 'w4a16',
(SpecoTaskRunner pid=727725)                              'quantization_config_path': None},
(SpecoTaskRunner pid=727725)                      'reshard_after_forward': True,
(SpecoTaskRunner pid=727725)                      'seed': 42,
(SpecoTaskRunner pid=727725)                      'strategy': 'fsdp',
(SpecoTaskRunner pid=727725)                      'ulysses_sequence_parallel_size': 1,
(SpecoTaskRunner pid=727725)                      'use_orig_params': False,
(SpecoTaskRunner pid=727725)                      'use_torch_compile': True,
(SpecoTaskRunner pid=727725)                      'wrap_policy': {'min_num_params': 0}},
(SpecoTaskRunner pid=727725)             'grad_clip': 1.0,
(SpecoTaskRunner pid=727725)             'loss_agg_mode': 'token-mean',
(SpecoTaskRunner pid=727725)             'model': {'_target_': 'verl.workers.config.HFModelConfig',
(SpecoTaskRunner pid=727725)                       'custom_chat_template': None,
(SpecoTaskRunner pid=727725)                       'enable_activation_offload': False,
(SpecoTaskRunner pid=727725)                       'enable_gradient_checkpointing': True,
(SpecoTaskRunner pid=727725)                       'exclude_modules': None,
(SpecoTaskRunner pid=727725)                       'external_lib': None,
(SpecoTaskRunner pid=727725)                       'fused_kernel_options': {'impl_backend': 'torch'},
(SpecoTaskRunner pid=727725)                       'hf_config_path': None,
(SpecoTaskRunner pid=727725)                       'lora': {'a2a_experimental': False,
(SpecoTaskRunner pid=727725)                                'adapter_path': None,
(SpecoTaskRunner pid=727725)                                'alpha': 32,
(SpecoTaskRunner pid=727725)                                'dropout': 0.0,
(SpecoTaskRunner pid=727725)                                'dropout_position': 'pre',
(SpecoTaskRunner pid=727725)                                'dtype': None,
(SpecoTaskRunner pid=727725)                                'exclude_modules': [],
(SpecoTaskRunner pid=727725)                                'freeze_language_model': True,
(SpecoTaskRunner pid=727725)                                'freeze_vision_model': True,
(SpecoTaskRunner pid=727725)                                'freeze_vision_projection': True,
(SpecoTaskRunner pid=727725)                                'lora_A_init_method': 'xavier',
(SpecoTaskRunner pid=727725)                                'lora_B_init_method': 'zero',
(SpecoTaskRunner pid=727725)                                'merge': False,
(SpecoTaskRunner pid=727725)                                'rank': 0,
(SpecoTaskRunner pid=727725)                                'target_modules': ['linear_qkv',
(SpecoTaskRunner pid=727725)                                                   'linear_proj',
(SpecoTaskRunner pid=727725)                                                   'linear_fc1',
(SpecoTaskRunner pid=727725)                                                   'linear_fc2'],
(SpecoTaskRunner pid=727725)                                'type': 'lora'},
(SpecoTaskRunner pid=727725)                       'lora_adapter_path': None,
(SpecoTaskRunner pid=727725)                       'lora_alpha': 16,
(SpecoTaskRunner pid=727725)                       'lora_rank': 0,
(SpecoTaskRunner pid=727725)                       'mtp': {'_target_': 'verl.workers.config.MtpConfig',
(SpecoTaskRunner pid=727725)                               'detach_encoder': False,
(SpecoTaskRunner pid=727725)                               'enable': False,
(SpecoTaskRunner pid=727725)                               'enable_rollout': False,
(SpecoTaskRunner pid=727725)                               'enable_train': False,
(SpecoTaskRunner pid=727725)                               'method': 'mtp',
(SpecoTaskRunner pid=727725)                               'mtp_loss_scaling_factor': 0.1,
(SpecoTaskRunner pid=727725)                               'num_speculative_tokens': 1,
(SpecoTaskRunner pid=727725)                               'speculative_algorithm': 'EAGLE',
(SpecoTaskRunner pid=727725)                               'speculative_eagle_topk': 1,
(SpecoTaskRunner pid=727725)                               'speculative_num_draft_tokens': 4,
(SpecoTaskRunner pid=727725)                               'speculative_num_steps': 3},
(SpecoTaskRunner pid=727725)                       'override_config': {},
(SpecoTaskRunner pid=727725)                       'path': '~/models/deepseek-llm-7b-chat',
(SpecoTaskRunner pid=727725)                       'target_modules': 'all-linear',
(SpecoTaskRunner pid=727725)                       'tiled_mlp': {'enabled': False, 'num_shards': 4},
(SpecoTaskRunner pid=727725)                       'tokenizer_path': None,
(SpecoTaskRunner pid=727725)                       'trust_remote_code': False,
(SpecoTaskRunner pid=727725)                       'use_fused_kernels': False,
(SpecoTaskRunner pid=727725)                       'use_liger': False,
(SpecoTaskRunner pid=727725)                       'use_remove_padding': True,
(SpecoTaskRunner pid=727725)                       'use_shm': False},
(SpecoTaskRunner pid=727725)             'optim': {'_target_': 'verl.workers.config.FSDPOptimizerConfig',
(SpecoTaskRunner pid=727725)                       'betas': [0.9, 0.999],
(SpecoTaskRunner pid=727725)                       'clip_grad': 1.0,
(SpecoTaskRunner pid=727725)                       'lr': 1e-05,
(SpecoTaskRunner pid=727725)                       'lr_scheduler_type': 'constant',
(SpecoTaskRunner pid=727725)                       'lr_warmup_steps': -1,
(SpecoTaskRunner pid=727725)                       'lr_warmup_steps_ratio': 0.0,
(SpecoTaskRunner pid=727725)                       'min_lr_ratio': 0.0,
(SpecoTaskRunner pid=727725)                       'num_cycles': 0.5,
(SpecoTaskRunner pid=727725)                       'optimizer': 'AdamW',
(SpecoTaskRunner pid=727725)                       'optimizer_impl': 'torch.optim',
(SpecoTaskRunner pid=727725)                       'override_optimizer_config': None,
(SpecoTaskRunner pid=727725)                       'total_training_steps': -1,
(SpecoTaskRunner pid=727725)                       'warmup_style': None,
(SpecoTaskRunner pid=727725)                       'weight_decay': 0.01,
(SpecoTaskRunner pid=727725)                       'zero_indexed_step': True},
(SpecoTaskRunner pid=727725)             'ppo_epochs': 1,
(SpecoTaskRunner pid=727725)             'ppo_max_token_len_per_gpu': 32768,
(SpecoTaskRunner pid=727725)             'ppo_micro_batch_size': None,
(SpecoTaskRunner pid=727725)             'ppo_micro_batch_size_per_gpu': None,
(SpecoTaskRunner pid=727725)             'ppo_mini_batch_size': 16,
(SpecoTaskRunner pid=727725)             'profiler': {'_target_': 'verl.utils.profiler.ProfilerConfig',
(SpecoTaskRunner pid=727725)                          'all_ranks': False,
(SpecoTaskRunner pid=727725)                          'enable': False,
(SpecoTaskRunner pid=727725)                          'ranks': [],
(SpecoTaskRunner pid=727725)                          'save_path': 'outputs/profile',
(SpecoTaskRunner pid=727725)                          'tool': None,
(SpecoTaskRunner pid=727725)                          'tool_config': {'npu': {'_target_': 'verl.utils.profiler.config.NPUToolConfig',
(SpecoTaskRunner pid=727725)                                                  'analysis': True,
(SpecoTaskRunner pid=727725)                                                  'contents': [],
(SpecoTaskRunner pid=727725)                                                  'discrete': False,
(SpecoTaskRunner pid=727725)                                                  'level': 'level0'},
(SpecoTaskRunner pid=727725)                                          'nsys': {'_target_': 'verl.utils.profiler.config.NsightToolConfig',
(SpecoTaskRunner pid=727725)                                                   'discrete': False},
(SpecoTaskRunner pid=727725)                                          'precision_debugger': {'_target_': 'verl.utils.profiler.config.PrecisionDebuggerToolConfig',
(SpecoTaskRunner pid=727725)                                                                 'config_path': None,
(SpecoTaskRunner pid=727725)                                                                 'stages': None,
(SpecoTaskRunner pid=727725)                                                                 'steps': None,
(SpecoTaskRunner pid=727725)                                                                 'strict': False},
(SpecoTaskRunner pid=727725)                                          'torch': {'_target_': 'verl.utils.profiler.config.TorchProfilerToolConfig',
(SpecoTaskRunner pid=727725)                                                    'contents': [],
(SpecoTaskRunner pid=727725)                                                    'discrete': False},
(SpecoTaskRunner pid=727725)                                          'torch_memory': {'_target_': 'verl.utils.profiler.config.TorchMemoryToolConfig',
(SpecoTaskRunner pid=727725)                                                           'stack_depth': 32,
(SpecoTaskRunner pid=727725)                                                           'trace_alloc_max_entries': 100000}}},
(SpecoTaskRunner pid=727725)             'rollout_n': 4,
(SpecoTaskRunner pid=727725)             'shuffle': False,
(SpecoTaskRunner pid=727725)             'strategy': 'fsdp',
(SpecoTaskRunner pid=727725)             'ulysses_sequence_parallel_size': 1,
(SpecoTaskRunner pid=727725)             'use_dynamic_bsz': True},
(SpecoTaskRunner pid=727725)  'data': {'apply_chat_template_kwargs': {},
(SpecoTaskRunner pid=727725)           'audio_key': 'audios',
(SpecoTaskRunner pid=727725)           'custom_cls': {'name': None, 'path': None},
(SpecoTaskRunner pid=727725)           'dataloader_num_workers': 0,
(SpecoTaskRunner pid=727725)           'filter_overlong_prompts': True,
(SpecoTaskRunner pid=727725)           'filter_overlong_prompts_workers': 16,
(SpecoTaskRunner pid=727725)           'function_tool_path': None,
(SpecoTaskRunner pid=727725)           'image_key': 'images',
(SpecoTaskRunner pid=727725)           'image_patch_size': 14,
(SpecoTaskRunner pid=727725)           'max_prompt_length': 512,
(SpecoTaskRunner pid=727725)           'max_response_length': 1024,
(SpecoTaskRunner pid=727725)           'mm_processor_kwargs': {},
(SpecoTaskRunner pid=727725)           'prompt_key': 'prompt',
(SpecoTaskRunner pid=727725)           'return_full_prompt': False,
(SpecoTaskRunner pid=727725)           'return_multi_modal_inputs': True,
(SpecoTaskRunner pid=727725)           'return_raw_chat': True,
(SpecoTaskRunner pid=727725)           'return_raw_input_ids': False,
(SpecoTaskRunner pid=727725)           'reward_fn_key': 'data_source',
(SpecoTaskRunner pid=727725)           'seed': None,
(SpecoTaskRunner pid=727725)           'shuffle': True,
(SpecoTaskRunner pid=727725)           'tokenizer': None,
(SpecoTaskRunner pid=727725)           'tool_config_path': None,
(SpecoTaskRunner pid=727725)           'train_batch_size': 16,
(SpecoTaskRunner pid=727725)           'train_files': '/data/verl_data/gsm8k/train.parquet',
(SpecoTaskRunner pid=727725)           'train_max_samples': 512,
(SpecoTaskRunner pid=727725)           'truncation': 'error',
(SpecoTaskRunner pid=727725)           'trust_remote_code': False,
(SpecoTaskRunner pid=727725)           'use_shm': False,
(SpecoTaskRunner pid=727725)           'val_batch_size': None,
(SpecoTaskRunner pid=727725)           'val_files': '/data/verl_data/gsm8k/test.parquet',
(SpecoTaskRunner pid=727725)           'val_max_samples': 16,
(SpecoTaskRunner pid=727725)           'validation_shuffle': False,
(SpecoTaskRunner pid=727725)           'video_key': 'videos'},
(SpecoTaskRunner pid=727725)  'distillation': {'_target_': 'verl.workers.config.DistillationConfig',
(SpecoTaskRunner pid=727725)                   'distillation_loss': {'_target_': 'verl.workers.config.DistillationLossConfig',
(SpecoTaskRunner pid=727725)                                         'clip_ratio': 0.2,
(SpecoTaskRunner pid=727725)                                         'clip_ratio_high': 0.2,
(SpecoTaskRunner pid=727725)                                         'clip_ratio_low': 0.2,
(SpecoTaskRunner pid=727725)                                         'distillation_loss_coef': 1.0,
(SpecoTaskRunner pid=727725)                                         'log_prob_min_clamp': None,
(SpecoTaskRunner pid=727725)                                         'loss_max_clamp': None,
(SpecoTaskRunner pid=727725)                                         'loss_mode': 'k3',
(SpecoTaskRunner pid=727725)                                         'policy_loss_mode': 'vanilla',
(SpecoTaskRunner pid=727725)                                         'topk': 32,
(SpecoTaskRunner pid=727725)                                         'use_policy_gradient': False,
(SpecoTaskRunner pid=727725)                                         'use_task_rewards': True},
(SpecoTaskRunner pid=727725)                   'enabled': False,
(SpecoTaskRunner pid=727725)                   'n_gpus_per_node': 8,
(SpecoTaskRunner pid=727725)                   'nnodes': 0,
(SpecoTaskRunner pid=727725)                   'teacher_key': 'data_source',
(SpecoTaskRunner pid=727725)                   'teacher_models': {'teacher_model': {'_target_': 'verl.workers.config.DistillationTeacherModelConfig',
(SpecoTaskRunner pid=727725)                                                        'inference': {'_target_': 'verl.workers.config.RolloutConfig',
(SpecoTaskRunner pid=727725)                                                                      'cudagraph_capture_sizes': None,
(SpecoTaskRunner pid=727725)                                                                      'data_parallel_size': 1,
(SpecoTaskRunner pid=727725)                                                                      'disable_log_stats': True,
(SpecoTaskRunner pid=727725)                                                                      'dtype': 'bfloat16',
(SpecoTaskRunner pid=727725)                                                                      'enable_chunked_prefill': True,
(SpecoTaskRunner pid=727725)                                                                      'enable_prefix_caching': True,
(SpecoTaskRunner pid=727725)                                                                      'enforce_eager': True,
(SpecoTaskRunner pid=727725)                                                                      'engine_kwargs': {},
(SpecoTaskRunner pid=727725)                                                                      'expert_parallel_size': 1,
(SpecoTaskRunner pid=727725)                                                                      'free_cache_engine': True,
(SpecoTaskRunner pid=727725)                                                                      'gpu_memory_utilization': 0.5,
(SpecoTaskRunner pid=727725)                                                                      'limit_images': None,
(SpecoTaskRunner pid=727725)                                                                      'load_format': 'auto',
(SpecoTaskRunner pid=727725)                                                                      'max_model_len': None,
(SpecoTaskRunner pid=727725)                                                                      'max_num_batched_tokens': 8192,
(SpecoTaskRunner pid=727725)                                                                      'max_num_seqs': 1024,
(SpecoTaskRunner pid=727725)                                                                      'name': 'sglang',
(SpecoTaskRunner pid=727725)                                                                      'prompt_length': 512,
(SpecoTaskRunner pid=727725)                                                                      'response_length': 1024,
(SpecoTaskRunner pid=727725)                                                                      'skip_tokenizer_init': True,
(SpecoTaskRunner pid=727725)                                                                      'temperature': 1.0,
(SpecoTaskRunner pid=727725)                                                                      'tensor_model_parallel_size': 2},
(SpecoTaskRunner pid=727725)                                                        'key': None,
(SpecoTaskRunner pid=727725)                                                        'model_path': None,
(SpecoTaskRunner pid=727725)                                                        'num_replicas': 0}}},
(SpecoTaskRunner pid=727725)  'global_profiler': {'_target_': 'verl.utils.profiler.ProfilerConfig',
(SpecoTaskRunner pid=727725)                      'global_tool_config': {'nsys': {'_target_': 'verl.utils.profiler.config.NsightToolConfig',
(SpecoTaskRunner pid=727725)                                                      'controller_nsight_options': {'cuda-graph-trace': 'graph',
(SpecoTaskRunner pid=727725)                                                                                    'cuda-memory-usage': 'true',
(SpecoTaskRunner pid=727725)                                                                                    'trace': 'cuda,nvtx,cublas,ucx'},
(SpecoTaskRunner pid=727725)                                                      'discrete': False,
(SpecoTaskRunner pid=727725)                                                      'worker_nsight_options': {'capture-range': 'cudaProfilerApi',
(SpecoTaskRunner pid=727725)                                                                                'capture-range-end': None,
(SpecoTaskRunner pid=727725)                                                                                'cuda-graph-trace': 'graph',
(SpecoTaskRunner pid=727725)                                                                                'cuda-memory-usage': 'true',
(SpecoTaskRunner pid=727725)                                                                                'kill': 'none',
(SpecoTaskRunner pid=727725)                                                                                'trace': 'cuda,nvtx,cublas,ucx'}},
(SpecoTaskRunner pid=727725)                                             'precision_debugger': {'_target_': 'verl.utils.profiler.config.PrecisionDebuggerToolConfig',
(SpecoTaskRunner pid=727725)                                                                    'config_path': None,
(SpecoTaskRunner pid=727725)                                                                    'stages': None,
(SpecoTaskRunner pid=727725)                                                                    'steps': None,
(SpecoTaskRunner pid=727725)                                                                    'strict': False},
(SpecoTaskRunner pid=727725)                                             'torch_memory': {'context': 'all',
(SpecoTaskRunner pid=727725)                                                              'kw_args': {},
(SpecoTaskRunner pid=727725)                                                              'stack_depth': 32,
(SpecoTaskRunner pid=727725)                                                              'stacks': 'all',
(SpecoTaskRunner pid=727725)                                                              'trace_alloc_max_entries': 100000}},
(SpecoTaskRunner pid=727725)                      'profile_continuous_steps': False,
(SpecoTaskRunner pid=727725)                      'save_path': 'outputs/profile',
(SpecoTaskRunner pid=727725)                      'steps': None,
(SpecoTaskRunner pid=727725)                      'tool': None},
(SpecoTaskRunner pid=727725)  'model_engine': 'dp',
(SpecoTaskRunner pid=727725)  'ray_kwargs': {'ray_init': {'_system_config': {'num_workers_soft_limit': 8,
(SpecoTaskRunner pid=727725)                                                 'prestart_worker_first_driver': False},
(SpecoTaskRunner pid=727725)                              'num_cpus': 32},
(SpecoTaskRunner pid=727725)                 'timeline_json_file': None},
(SpecoTaskRunner pid=727725)  'reward': {'_target_': 'verl.workers.config.RewardConfig',
(SpecoTaskRunner pid=727725)             'custom_reward_function': {'name': 'compute_score', 'path': None},
(SpecoTaskRunner pid=727725)             'num_workers': 8,
(SpecoTaskRunner pid=727725)             'reward_manager': {'_target_': 'verl.workers.config.reward.RewardManagerConfig',
(SpecoTaskRunner pid=727725)                                'module': {'_target_': 'verl.trainer.config.config.ModuleConfig',
(SpecoTaskRunner pid=727725)                                           'name': 'custom_reward_manager',
(SpecoTaskRunner pid=727725)                                           'path': None},
(SpecoTaskRunner pid=727725)                                'name': 'naive',
(SpecoTaskRunner pid=727725)                                'source': 'register'},
(SpecoTaskRunner pid=727725)             'reward_model': {'_target_': 'verl.workers.config.RewardModelConfig',
(SpecoTaskRunner pid=727725)                              'enable': False,
(SpecoTaskRunner pid=727725)                              'enable_resource_pool': False,
(SpecoTaskRunner pid=727725)                              'model_path': None,
(SpecoTaskRunner pid=727725)                              'n_gpus_per_node': 8,
(SpecoTaskRunner pid=727725)                              'nnodes': 0,
(SpecoTaskRunner pid=727725)                              'rollout': {'_target_': 'verl.workers.config.RolloutConfig',
(SpecoTaskRunner pid=727725)                                          'cudagraph_capture_sizes': None,
(SpecoTaskRunner pid=727725)                                          'data_parallel_size': 1,
(SpecoTaskRunner pid=727725)                                          'disable_log_stats': True,
(SpecoTaskRunner pid=727725)                                          'disaggregation': {'bootstrap_port': None,
(SpecoTaskRunner pid=727725)                                                             'decode_replicas': 1,
(SpecoTaskRunner pid=727725)                                                             'decode_tensor_model_parallel_size': None,
(SpecoTaskRunner pid=727725)                                                             'enabled': False,
(SpecoTaskRunner pid=727725)                                                             'ib_device': None,
(SpecoTaskRunner pid=727725)                                                             'prefill_replicas': 1,
(SpecoTaskRunner pid=727725)                                                             'transfer_backend': 'nixl'},
(SpecoTaskRunner pid=727725)                                          'do_sample': True,
(SpecoTaskRunner pid=727725)                                          'dtype': 'bfloat16',
(SpecoTaskRunner pid=727725)                                          'enable_chunked_prefill': True,
(SpecoTaskRunner pid=727725)                                          'enable_prefix_caching': True,
(SpecoTaskRunner pid=727725)                                          'enforce_eager': True,
(SpecoTaskRunner pid=727725)                                          'engine_kwargs': {},
(SpecoTaskRunner pid=727725)                                          'expert_parallel_size': 1,
(SpecoTaskRunner pid=727725)                                          'free_cache_engine': True,
(SpecoTaskRunner pid=727725)                                          'gpu_memory_utilization': 0.5,
(SpecoTaskRunner pid=727725)                                          'ignore_eos': False,
(SpecoTaskRunner pid=727725)                                          'layered_summon': False,
(SpecoTaskRunner pid=727725)                                          'limit_images': None,
(SpecoTaskRunner pid=727725)                                          'load_format': 'auto',
(SpecoTaskRunner pid=727725)                                          'max_model_len': None,
(SpecoTaskRunner pid=727725)                                          'max_num_batched_tokens': 8192,
(SpecoTaskRunner pid=727725)                                          'max_num_seqs': 1024,
(SpecoTaskRunner pid=727725)                                          'mtp': None,
(SpecoTaskRunner pid=727725)                                          'multi_stage_wake_up': False,
(SpecoTaskRunner pid=727725)                                          'n': 1,
(SpecoTaskRunner pid=727725)                                          'name': '???',
(SpecoTaskRunner pid=727725)                                          'pipeline_model_parallel_size': 1,
(SpecoTaskRunner pid=727725)                                          'prompt_length': 2048,
(SpecoTaskRunner pid=727725)                                          'quantization': None,
(SpecoTaskRunner pid=727725)                                          'quantization_config_file': None,
(SpecoTaskRunner pid=727725)                                          'response_length': 2048,
(SpecoTaskRunner pid=727725)                                          'scheduling_policy': 'fcfs',
(SpecoTaskRunner pid=727725)                                          'skip_tokenizer_init': False,
(SpecoTaskRunner pid=727725)                                          'temperature': 1.0,
(SpecoTaskRunner pid=727725)                                          'tensor_model_parallel_size': 2,
(SpecoTaskRunner pid=727725)                                          'top_k': -1,
(SpecoTaskRunner pid=727725)                                          'top_p': 1}},
(SpecoTaskRunner pid=727725)             'sandbox_fusion': {'_target_': 'verl.workers.config.SandboxFusionConfig',
(SpecoTaskRunner pid=727725)                                'max_concurrent': 64,
(SpecoTaskRunner pid=727725)                                'memory_limit_mb': 1024,
(SpecoTaskRunner pid=727725)                                'url': None}},
(SpecoTaskRunner pid=727725)  'speco': {'compatibility': {'policy': 'warn',
(SpecoTaskRunner pid=727725)                              'require_verl_base_branch': 'release/v0.8.0',
(SpecoTaskRunner pid=727725)                              'require_verl_base_version': '0.8.0',
(SpecoTaskRunner pid=727725)                              'strict_env': 'VERL_SPECO_STRICT_VERL'},
(SpecoTaskRunner pid=727725)            'enable': True,
(SpecoTaskRunner pid=727725)            'trainer': {'ray_trainer': 'verl_speco.trainer.speco_ray_trainer.SpecoRayPPOTrainer',
(SpecoTaskRunner pid=727725)                        'task_runner': 'verl_speco.integration.task_runner.SpecoTaskRunner'},
(SpecoTaskRunner pid=727725)            'verl_base': {'branch': 'release/v0.8.0',
(SpecoTaskRunner pid=727725)                          'source_modifications_allowed': False,
(SpecoTaskRunner pid=727725)                          'version': '0.8.0'}},
(SpecoTaskRunner pid=727725)  'trainer': {'balance_batch': True,
(SpecoTaskRunner pid=727725)              'critic_warmup': 0,
(SpecoTaskRunner pid=727725)              'default_hdfs_dir': None,
(SpecoTaskRunner pid=727725)              'default_local_dir': '/data/runs/speco_dflash2_cotrain/sgl_smoke/ckpt',
(SpecoTaskRunner pid=727725)              'del_local_ckpt_after_load': False,
(SpecoTaskRunner pid=727725)              'device': 'cuda',
(SpecoTaskRunner pid=727725)              'esi_redundant_time': 0,
(SpecoTaskRunner pid=727725)              'experiment_name': 'qwen3_8b_dflash2_drafter_sglang',
(SpecoTaskRunner pid=727725)              'log_val_generations': 0,
(SpecoTaskRunner pid=727725)              'logger': ['console'],
(SpecoTaskRunner pid=727725)              'max_actor_ckpt_to_keep': None,
(SpecoTaskRunner pid=727725)              'max_critic_ckpt_to_keep': None,
(SpecoTaskRunner pid=727725)              'n_gpus_per_node': 8,
(SpecoTaskRunner pid=727725)              'nnodes': 1,
(SpecoTaskRunner pid=727725)              'project_name': 'verl_grpo_example_dflash2_drafter',
(SpecoTaskRunner pid=727725)              'ray_wait_register_center_timeout': 300,
(SpecoTaskRunner pid=727725)              'resume_from_path': None,
(SpecoTaskRunner pid=727725)              'resume_mode': 'auto',
(SpecoTaskRunner pid=727725)              'rollout_data_dir': None,
(SpecoTaskRunner pid=727725)              'save_freq': -1,
(SpecoTaskRunner pid=727725)              'test_freq': -1,
(SpecoTaskRunner pid=727725)              'total_epochs': 2,
(SpecoTaskRunner pid=727725)              'total_training_steps': 8,
(SpecoTaskRunner pid=727725)              'val_before_train': False,
(SpecoTaskRunner pid=727725)              'val_only': False,
(SpecoTaskRunner pid=727725)              'validation_data_dir': None},
(SpecoTaskRunner pid=727725)  'transfer_queue': {'backend': {'MooncakeStore': {'auto_init': False,
(SpecoTaskRunner pid=727725)                                                   'device_name': '',
(SpecoTaskRunner pid=727725)                                                   'global_segment_size': 4294967296,
(SpecoTaskRunner pid=727725)                                                   'local_buffer_size': 1073741824,
(SpecoTaskRunner pid=727725)                                                   'local_hostname': 'localhost',
(SpecoTaskRunner pid=727725)                                                   'master_server_address': 'localhost:50124',
(SpecoTaskRunner pid=727725)                                                   'metadata_server': 'localhost:50123',
(SpecoTaskRunner pid=727725)                                                   'protocol': 'tcp'},
(SpecoTaskRunner pid=727725)                                 'SimpleStorage': {'num_data_storage_units': 8,
(SpecoTaskRunner pid=727725)                                                   'total_storage_size': 100000},
(SpecoTaskRunner pid=727725)                                 'storage_backend': 'SimpleStorage'},
(SpecoTaskRunner pid=727725)                     'enable': False,
(SpecoTaskRunner pid=727725)                     'metrics': {'enabled': False, 'port': 0}}}
(SpecoTaskRunner pid=727725) /data/speco_cotrain/verl_speco/integration/task_runner.py:264: UserWarning: Disabled critic as algorithm.adv_estimator != gae. If it is not intended, please set critic.enable=True
(SpecoTaskRunner pid=727725)   use_critic=need_critic(config),
(SpecoTaskRunner pid=727725) [validate_config] All configuration checks passed successfully!
(SpecoTaskRunner pid=727725) Using dataset class: RLHFDataset
(SpecoTaskRunner pid=727725) dataset len: 7473
(SpecoTaskRunner pid=727725) selected 512 random samples out of 7473
(SpecoTaskRunner pid=727725) Setting TOKENIZERS_PARALLELISM=false for forked processes.
(SpecoTaskRunner pid=727725) WARNING:2026-09-02 18:03:20,251:Setting TOKENIZERS_PARALLELISM=false for forked processes.
(SpecoTaskRunner pid=727725) 
Filtering prompts longer than 512 tokens (num_proc=16):   0%|          | 0/512 [00:00<?, ? examples/s]
(raylet) [2026-09-02 18:03:20,464 E 727446 727478] (raylet) file_system_monitor.cc:116: /data/ray_tmp/ray/session_2026-09-02_18-02-52_158824_726500 is over 95% full, available space: 5983.13 GB; capacity: 512000 GB. Object creation will fail if spilling is required.
(SpecoTaskRunner pid=727725) 
Filtering prompts longer than 512 tokens (num_proc=16):   6%|▋         | 32/512 [00:04<01:14,  6.42 examples/s]
(SpecoTaskRunner pid=727725) 
Filtering prompts longer than 512 tokens (num_proc=16):  12%|█▎        | 64/512 [00:08<00:57,  7.79 examples/s]
(raylet) [2026-09-02 18:03:30,562 E 727446 727478] (raylet) file_system_monitor.cc:116: /data/ray_tmp/ray/session_2026-09-02_18-02-52_158824_726500 is over 95% full, available space: 5978.5 GB; capacity: 512000 GB. Object creation will fail if spilling is required.
(SpecoTaskRunner pid=727725) 
Filtering prompts longer than 512 tokens (num_proc=16):  19%|█▉        | 96/512 [00:11<00:49,  8.34 examples/s]
(SpecoTaskRunner pid=727725) 
Filtering prompts longer than 512 tokens (num_proc=16):  25%|██▌       | 128/512 [00:15<00:45,  8.52 examples/s]
(SpecoTaskRunner pid=727725) 
Filtering prompts longer than 512 tokens (num_proc=16):  31%|███▏      | 160/512 [00:19<00:42,  8.38 examples/s]
(raylet) [2026-09-02 18:03:40,629 E 727446 727478] (raylet) file_system_monitor.cc:116: /data/ray_tmp/ray/session_2026-09-02_18-02-52_158824_726500 is over 95% full, available space: 5974.73 GB; capacity: 512000 GB. Object creation will fail if spilling is required.
(SpecoTaskRunner pid=727725) 
Filtering prompts longer than 512 tokens (num_proc=16):  38%|███▊      | 192/512 [00:23<00:37,  8.64 examples/s]
(SpecoTaskRunner pid=727725) 
Filtering prompts longer than 512 tokens (num_proc=16):  44%|████▍     | 224/512 [00:26<00:32,  8.80 examples/s]
(SpecoTaskRunner pid=727725) 
Filtering prompts longer than 512 tokens (num_proc=16):  50%|█████     | 256/512 [00:30<00:28,  8.86 examples/s]
(raylet) [2026-09-02 18:03:50,646 E 727446 727478] (raylet) file_system_monitor.cc:116: /data/ray_tmp/ray/session_2026-09-02_18-02-52_158824_726500 is over 95% full, available space: 5970.58 GB; capacity: 512000 GB. Object creation will fail if spilling is required.
(SpecoTaskRunner pid=727725) 
Filtering prompts longer than 512 tokens (num_proc=16):  56%|█████▋    | 288/512 [00:33<00:24,  8.96 examples/s]
(SpecoTaskRunner pid=727725) 
Filtering prompts longer than 512 tokens (num_proc=16):  62%|██████▎   | 320/512 [00:37<00:21,  9.02 examples/s]
(raylet) [2026-09-02 18:04:00,692 E 727446 727478] (raylet) file_system_monitor.cc:116: /data/ray_tmp/ray/session_2026-09-02_18-02-52_158824_726500 is over 95% full, available space: 5966.97 GB; capacity: 512000 GB. Object creation will fail if spilling is required.
(SpecoTaskRunner pid=727725) 
Filtering prompts longer than 512 tokens (num_proc=16):  69%|██████▉   | 352/512 [00:40<00:17,  8.96 examples/s]
(SpecoTaskRunner pid=727725) 
Filtering prompts longer than 512 tokens (num_proc=16):  75%|███████▌  | 384/512 [00:44<00:14,  8.98 examples/s]
(SpecoTaskRunner pid=727725) 
Filtering prompts longer than 512 tokens (num_proc=16):  81%|████████▏ | 416/512 [00:47<00:10,  9.02 examples/s]
(raylet) [2026-09-02 18:04:10,701 E 727446 727478] (raylet) file_system_monitor.cc:116: /data/ray_tmp/ray/session_2026-09-02_18-02-52_158824_726500 is over 95% full, available space: 5963.55 GB; capacity: 512000 GB. Object creation will fail if spilling is required.
(SpecoTaskRunner pid=727725) 
Filtering prompts longer than 512 tokens (num_proc=16):  88%|████████▊ | 448/512 [00:51<00:07,  8.98 examples/s]
(SpecoTaskRunner pid=727725) 
Filtering prompts longer than 512 tokens (num_proc=16):  94%|█████████▍| 480/512 [00:54<00:03,  9.11 examples/s]
(SpecoTaskRunner pid=727725) 
Filtering prompts longer than 512 tokens (num_proc=16): 100%|██████████| 512/512 [00:58<00:00,  9.08 examples/s]
(SpecoTaskRunner pid=727725) 
Filtering prompts longer than 512 tokens (num_proc=16): 100%|██████████| 512/512 [00:58<00:00,  8.74 examples/s]
(SpecoTaskRunner pid=727725) filter dataset len: 512
(SpecoTaskRunner pid=727725) Using dataset class: RLHFDataset
(SpecoTaskRunner pid=727725) dataset len: 1319
(SpecoTaskRunner pid=727725) selected 16 random samples out of 1319
(raylet) [2026-09-02 18:04:20,710 E 727446 727478] (raylet) file_system_monitor.cc:116: /data/ray_tmp/ray/session_2026-09-02_18-02-52_158824_726500 is over 95% full, available space: 5962.15 GB; capacity: 512000 GB. Object creation will fail if spilling is required.
(SpecoTaskRunner pid=727725) Setting TOKENIZERS_PARALLELISM=false for forked processes.
(SpecoTaskRunner pid=727725) WARNING:2026-09-02 18:04:22,129:Setting TOKENIZERS_PARALLELISM=false for forked processes.
(SpecoTaskRunner pid=727725) 
Filtering prompts longer than 512 tokens (num_proc=16):   0%|          | 0/16 [00:00<?, ? examples/s]
(SpecoTaskRunner pid=727725) 
Filtering prompts longer than 512 tokens (num_proc=16):   6%|▋         | 1/16 [00:04<01:08,  4.59s/ examples]
(SpecoTaskRunner pid=727725) 
Filtering prompts longer than 512 tokens (num_proc=16):  12%|█▎        | 2/16 [00:08<00:54,  3.91s/ examples]
(raylet) [2026-09-02 18:04:30,750 E 727446 727478] (raylet) file_system_monitor.cc:116: /data/ray_tmp/ray/session_2026-09-02_18-02-52_158824_726500 is over 95% full, available space: 5961.7 GB; capacity: 512000 GB. Object creation will fail if spilling is required.
(SpecoTaskRunner pid=727725) 
Filtering prompts longer than 512 tokens (num_proc=16):  19%|█▉        | 3/16 [00:11<00:48,  3.74s/ examples]
(SpecoTaskRunner pid=727725) 
Filtering prompts longer than 512 tokens (num_proc=16):  25%|██▌       | 4/16 [00:15<00:43,  3.65s/ examples]
(raylet) [2026-09-02 18:04:40,758 E 727446 727478] (raylet) file_system_monitor.cc:116: /data/ray_tmp/ray/session_2026-09-02_18-02-52_158824_726500 is over 95% full, available space: 5961.7 GB; capacity: 512000 GB. Object creation will fail if spilling is required.
(SpecoTaskRunner pid=727725) 
Filtering prompts longer than 512 tokens (num_proc=16):  31%|███▏      | 5/16 [00:18<00:39,  3.60s/ examples]
(SpecoTaskRunner pid=727725) 
Filtering prompts longer than 512 tokens (num_proc=16):  38%|███▊      | 6/16 [00:22<00:36,  3.65s/ examples]
(SpecoTaskRunner pid=727725) 
Filtering prompts longer than 512 tokens (num_proc=16):  44%|████▍     | 7/16 [00:25<00:31,  3.51s/ examples]
(raylet) [2026-09-02 18:04:50,853 E 727446 727478] (raylet) file_system_monitor.cc:116: /data/ray_tmp/ray/session_2026-09-02_18-02-52_158824_726500 is over 95% full, available space: 5961.68 GB; capacity: 512000 GB. Object creation will fail if spilling is required.
(SpecoTaskRunner pid=727725) 
Filtering prompts longer than 512 tokens (num_proc=16):  50%|█████     | 8/16 [00:29<00:28,  3.52s/ examples]
(SpecoTaskRunner pid=727725) 
Filtering prompts longer than 512 tokens (num_proc=16):  56%|█████▋    | 9/16 [00:32<00:24,  3.51s/ examples]
(SpecoTaskRunner pid=727725) 
Filtering prompts longer than 512 tokens (num_proc=16):  62%|██████▎   | 10/16 [00:36<00:20,  3.50s/ examples]
(raylet) [2026-09-02 18:05:00,874 E 727446 727478] (raylet) file_system_monitor.cc:116: /data/ray_tmp/ray/session_2026-09-02_18-02-52_158824_726500 is over 95% full, available space: 5961.67 GB; capacity: 512000 GB. Object creation will fail if spilling is required.
(SpecoTaskRunner pid=727725) 
Filtering prompts longer than 512 tokens (num_proc=16):  69%|██████▉   | 11/16 [00:39<00:17,  3.50s/ examples]
(SpecoTaskRunner pid=727725) 
Filtering prompts longer than 512 tokens (num_proc=16):  75%|███████▌  | 12/16 [00:43<00:14,  3.51s/ examples]
(SpecoTaskRunner pid=727725) 
Filtering prompts longer than 512 tokens (num_proc=16):  81%|████████▏ | 13/16 [00:46<00:10,  3.52s/ examples]
(raylet) [2026-09-02 18:05:10,972 E 727446 727478] (raylet) file_system_monitor.cc:116: /data/ray_tmp/ray/session_2026-09-02_18-02-52_158824_726500 is over 95% full, available space: 5961.64 GB; capacity: 512000 GB. Object creation will fail if spilling is required.
(SpecoTaskRunner pid=727725) 
Filtering prompts longer than 512 tokens (num_proc=16):  88%|████████▊ | 14/16 [00:50<00:07,  3.54s/ examples]
(SpecoTaskRunner pid=727725) 
Filtering prompts longer than 512 tokens (num_proc=16):  94%|█████████▍| 15/16 [00:53<00:03,  3.53s/ examples]
(SpecoTaskRunner pid=727725) 
Filtering prompts longer than 512 tokens (num_proc=16): 100%|██████████| 16/16 [00:57<00:00,  3.62s/ examples]
(SpecoTaskRunner pid=727725) 
Filtering prompts longer than 512 tokens (num_proc=16): 100%|██████████| 16/16 [00:57<00:00,  3.61s/ examples]
(SpecoTaskRunner pid=727725) /data/speco_cotrain/verl_speco/trainer/speco_ray_trainer.py:386: FutureWarning: Warning: Class 'verl.trainer.ppo.ray_trainer.RayPPOTrainer' is deprecated. Please use 'main_ppo.py is deprecated, and wil be replaced by main_ppo_sync.py in v0.8.0, please use main_ppo_sync.py instead.' instead.
(SpecoTaskRunner pid=727725)   super().__init__(*args, **kwargs)
(SpecoTaskRunner pid=727725) /data/verl_speco_vllm028/verl/trainer/ppo/ray_trainer.py:348: UserWarning: Disabled critic as algorithm.adv_estimator != gae. If it is not intended, please set critic.enable=True
(SpecoTaskRunner pid=727725)   self.use_critic = need_critic(self.config)
(SpecoTaskRunner pid=727725) /data/envs/speco_sgl_main/lib/python3.12/site-packages/torchdata/stateful_dataloader/stateful_dataloader.py:379: UserWarning: 'set_vital' is deprecated, please do not call
(SpecoTaskRunner pid=727725)   torch.set_vital("Dataloader", "enabled", "True")  # type: ignore[attr-defined]
(SpecoTaskRunner pid=727725) WARNING:2026-09-02 18:05:19,983:Installed SPECO agent-loop runtime patch.
(SpecoTaskRunner pid=727725) filter dataset len: 16
(SpecoTaskRunner pid=727725) Size of train dataloader: 32, Size of val dataloader: 1
(SpecoTaskRunner pid=727725) Total training steps: 8
(SpecoTaskRunner pid=727725) Checkpoint tracker file does not exist: /data/runs/speco_dflash2_cotrain/sgl_smoke/ckpt/latest_checkpointed_iteration.txt
(raylet) [2026-09-02 18:05:21,054 E 727446 727478] (raylet) file_system_monitor.cc:116: /data/ray_tmp/ray/session_2026-09-02_18-02-52_158824_726500 is over 95% full, available space: 5961.6 GB; capacity: 512000 GB. Object creation will fail if spilling is required.
(raylet) [2026-09-02 18:05:31,125 E 727446 727478] (raylet) file_system_monitor.cc:116: /data/ray_tmp/ray/session_2026-09-02_18-02-52_158824_726500 is over 95% full, available space: 5961.54 GB; capacity: 512000 GB. Object creation will fail if spilling is required.
(raylet) [2026-09-02 18:05:41,176 E 727446 727478] (raylet) file_system_monitor.cc:116: /data/ray_tmp/ray/session_2026-09-02_18-02-52_158824_726500 is over 95% full, available space: 5961.5 GB; capacity: 512000 GB. Object creation will fail if spilling is required.
(raylet) [2026-09-02 18:05:51,221 E 727446 727478] (raylet) file_system_monitor.cc:116: /data/ray_tmp/ray/session_2026-09-02_18-02-52_158824_726500 is over 95% full, available space: 5961.44 GB; capacity: 512000 GB. Object creation will fail if spilling is required.
(SpecoTaskRunner pid=727725) colocated worker base class <class 'verl.single_controller.base.worker.Worker'>
(raylet) [2026-09-02 18:06:01,280 E 727446 727478] (raylet) file_system_monitor.cc:116: /data/ray_tmp/ray/session_2026-09-02_18-02-52_158824_726500 is over 95% full, available space: 5961.39 GB; capacity: 512000 GB. Object creation will fail if spilling is required.
(raylet) [2026-09-02 18:06:11,392 E 727446 727478] (raylet) file_system_monitor.cc:116: /data/ray_tmp/ray/session_2026-09-02_18-02-52_158824_726500 is over 95% full, available space: 5961.38 GB; capacity: 512000 GB. Object creation will fail if spilling is required.
(WorkerDict pid=728171) /data/verl_speco_vllm028/verl/workers/engine/mindspeed/transformer_impl.py:24: UserWarning: NPU not support router replay for now.
(WorkerDict pid=728171)   from verl.utils.megatron.router_replay_patch import RouterReplay
(WorkerDict pid=728171) WARNING:2026-09-02 18:06:14,418:SPECO old-logprob hidden ObjectRef batch postprocess patch active: module=verl.workers.engine.fsdp.transformer_impl
(WorkerDict pid=728171) WARNING:2026-09-02 18:06:14,419:SPECO old-logprob hidden ObjectRef postprocess patch active
(WorkerDict pid=728171) WARNING:2026-09-02 18:06:14,423:SPECO old-logprob aggregate_output patch active
(WorkerDict pid=728171) WARNING:2026-09-02 18:06:14,423:SPECO old-logprob hidden runtime patch active: actor_backend=fsdp
(WorkerDict pid=728171) WARNING:2026-09-02 18:06:14,425:Unable to install SPECO old-logprob Megatron patch: No module named 'megatron'
(raylet) [2026-09-02 18:06:21,404 E 727446 727478] (raylet) file_system_monitor.cc:116: /data/ray_tmp/ray/session_2026-09-02_18-02-52_158824_726500 is over 95% full, available space: 5961.34 GB; capacity: 512000 GB. Object creation will fail if spilling is required.
(WorkerDict pid=728176) /data/verl_speco_vllm028/verl/workers/engine/mindspeed/transformer_impl.py:24: UserWarning: NPU not support router replay for now. [repeated 7x across cluster] (Ray deduplicates logs by default. Set RAY_DEDUP_LOGS=0 to disable log deduplication, or see https://docs.ray.io/en/master/ray-observability/user-guides/configure-logging.html#log-deduplication for more options.)
(WorkerDict pid=728176)   from verl.utils.megatron.router_replay_patch import RouterReplay [repeated 7x across cluster]
(WorkerDict pid=728176) WARNING:2026-09-02 18:06:15,486:SPECO old-logprob hidden ObjectRef batch postprocess patch active: module=verl.workers.engine.fsdp.transformer_impl [repeated 7x across cluster]
(WorkerDict pid=728176) WARNING:2026-09-02 18:06:15,486:SPECO old-logprob hidden ObjectRef postprocess patch active [repeated 7x across cluster]
(WorkerDict pid=728175) WARNING:2026-09-02 18:06:15,448:SPECO old-logprob aggregate_output patch active [repeated 7x across cluster]
(WorkerDict pid=728175) WARNING:2026-09-02 18:06:15,448:SPECO old-logprob hidden runtime patch active: actor_backend=fsdp [repeated 7x across cluster]
(WorkerDict pid=728175) WARNING:2026-09-02 18:06:15,450:Unable to install SPECO old-logprob Megatron patch: No module named 'megatron' [repeated 7x across cluster]
(raylet) [2026-09-02 18:06:31,461 E 727446 727478] (raylet) file_system_monitor.cc:116: /data/ray_tmp/ray/session_2026-09-02_18-02-52_158824_726500 is over 95% full, available space: 5961.32 GB; capacity: 512000 GB. Object creation will fail if spilling is required.
(WorkerDict pid=728171) [transformers] Flash Attention 2 only supports torch.float16 and torch.bfloat16 dtypes, but the current dype in Qwen3ForCausalLM is torch.float32. You should run training or inference using Automatic Mixed-Precision via the `with torch.autocast(device_type='torch_device'):` decorator, or load the model with the `dtype` argument. Example: `model = AutoModel.from_pretrained("meta-llama/Llama-3.2-1B", attn_implementation="flash_attention_2", dtype=torch.float16)`
(WorkerDict pid=728171) [transformers] Flash Attention 2 only supports torch.float16 and torch.bfloat16 dtypes, but the current dype in Qwen3Model is torch.float32. You should run training or inference using Automatic Mixed-Precision via the `with torch.autocast(device_type='torch_device'):` decorator, or load the model with the `dtype` argument. Example: `model = AutoModel.from_pretrained("meta-llama/Llama-3.2-1B", attn_implementation="flash_attention_2", dtype=torch.float16)`
(WorkerDict pid=728171) 
Loading weights:   0%|          | 0/398 [00:00<?, ?it/s]
(raylet) [2026-09-02 18:06:41,540 E 727446 727478] (raylet) file_system_monitor.cc:116: /data/ray_tmp/ray/session_2026-09-02_18-02-52_158824_726500 is over 95% full, available space: 5961.31 GB; capacity: 512000 GB. Object creation will fail if spilling is required.
(WorkerDict pid=728175) [transformers] Flash Attention 2 only supports torch.float16 and torch.bfloat16 dtypes, but the current dype in Qwen3Model is torch.float32. You should run training or inference using Automatic Mixed-Precision via the `with torch.autocast(device_type='torch_device'):` decorator, or load the model with the `dtype` argument. Example: `model = AutoModel.from_pretrained("meta-llama/Llama-3.2-1B", attn_implementation="flash_attention_2", dtype=torch.float16)` [repeated 14x across cluster]
(WorkerDict pid=728175) 
Loading weights:   0%|          | 0/398 [00:00<?, ?it/s] [repeated 7x across cluster]
(WorkerDict pid=728174) 
Loading weights:   0%|          | 1/398 [00:09<1:05:09,  9.85s/it]
(WorkerDict pid=728174) 
Loading weights:  51%|█████     | 201/398 [00:14<00:12, 16.40it/s] [repeated 37x across cluster]
(raylet) [2026-09-02 18:06:51,598 E 727446 727478] (raylet) file_system_monitor.cc:116: /data/ray_tmp/ray/session_2026-09-02_18-02-52_158824_726500 is over 95% full, available space: 5961.3 GB; capacity: 512000 GB. Object creation will fail if spilling is required.
(WorkerDict pid=728171) 
Loading weights:  72%|███████▏  | 286/398 [00:19<00:06, 17.14it/s] [repeated 61x across cluster]
(WorkerDict pid=728171) 
Loading weights:  92%|█████████▏| 366/398 [00:25<00:02, 15.78it/s]
(WorkerDict pid=728176) 
Loading weights:  90%|████████▉ | 357/398 [00:24<00:02, 16.29it/s] [repeated 95x across cluster]
(raylet) [2026-09-02 18:07:01,687 E 727446 727478] (raylet) file_system_monitor.cc:116: /data/ray_tmp/ray/session_2026-09-02_18-02-52_158824_726500 is over 95% full, available space: 5961.27 GB; capacity: 512000 GB. Object creation will fail if spilling is required.
(WorkerDict pid=728171) 
Loading weights:  99%|█████████▉| 396/398 [00:26<00:00, 25.76it/s]
Loading weights: 100%|██████████| 398/398 [00:26<00:00, 15.12it/s]
(WorkerDict pid=728177) Monkey patch _flash_attention_forward in transformers.integrations.flash_attention
(WorkerDict pid=728177) Skipping monkey patch for Qwen3ForCausalLM as use_fused_kernels is False or fused_kernels_backend is torch
(WorkerDict pid=728170) Qwen3ForCausalLM contains 4.02B parameters
(WorkerDict pid=728170) Before FSDP, memory allocated (GB): 0.00, memory reserved (GB): 0.00, device memory used/total (GB): 0.99/79.33
(WorkerDict pid=728170) NCCL version 2.29.7+cuda13.2
(WorkerDict pid=728172) Monkey patch _flash_attention_forward in transformers.integrations.flash_attention [repeated 7x across cluster]
(WorkerDict pid=728172) Skipping monkey patch for Qwen3ForCausalLM as use_fused_kernels is False or fused_kernels_backend is torch [repeated 7x across cluster]
(WorkerDict pid=728175) 
Loading weights: 100%|██████████| 398/398 [00:26<00:00, 15.10it/s] [repeated 33x across cluster]
(raylet) [2026-09-02 18:07:11,775 E 727446 727478] (raylet) file_system_monitor.cc:116: /data/ray_tmp/ray/session_2026-09-02_18-02-52_158824_726500 is over 95% full, available space: 5961.22 GB; capacity: 512000 GB. Object creation will fail if spilling is required.
(WorkerDict pid=728176) 
Loading weights:  99%|█████████▉| 396/398 [00:26<00:00, 25.95it/s]
Loading weights: 100%|██████████| 398/398 [00:26<00:00, 15.10it/s] [repeated 5x across cluster]
(WorkerDict pid=728170) After FSDP, memory allocated (GB): 0.00, memory reserved (GB): 2.03, device memory used/total (GB): 3.51/79.33
(WorkerDict pid=728170) 
Loading weights:   0%|          | 0/398 [00:00<?, ?it/s]
(raylet) [2026-09-02 18:07:21,806 E 727446 727478] (raylet) file_system_monitor.cc:116: /data/ray_tmp/ray/session_2026-09-02_18-02-52_158824_726500 is over 95% full, available space: 5961.2 GB; capacity: 512000 GB. Object creation will fail if spilling is required.
(WorkerDict pid=728177) 
Loading weights:   0%|          | 1/398 [00:08<55:19,  8.36s/it]
(WorkerDict pid=728173) 
Loading weights:   0%|          | 0/398 [00:00<?, ?it/s] [repeated 7x across cluster]
(WorkerDict pid=728177) 
Loading weights:  31%|███       | 124/398 [00:08<00:13, 20.20it/s]
(WorkerDict pid=728170) 
Loading weights:  53%|█████▎    | 212/398 [00:13<00:08, 22.24it/s] [repeated 32x across cluster]
(raylet) [2026-09-02 18:07:31,890 E 727446 727478] (raylet) file_system_monitor.cc:116: /data/ray_tmp/ray/session_2026-09-02_18-02-52_158824_726500 is over 95% full, available space: 5961.25 GB; capacity: 512000 GB. Object creation will fail if spilling is required.
(WorkerDict pid=728177) 
Loading weights:  92%|█████████▏| 366/398 [00:16<00:01, 18.28it/s]
(WorkerDict pid=728177) 
Loading weights:  95%|█████████▍| 377/398 [00:17<00:01, 17.71it/s]
(WorkerDict pid=728177) 
Loading weights:  98%|█████████▊| 389/398 [00:17<00:00, 18.03it/s]
Loading weights: 100%|██████████| 398/398 [00:17<00:00, 22.50it/s]
(WorkerDict pid=728177) Monkey patch _flash_attention_forward in transformers.integrations.flash_attention
(WorkerDict pid=728177) Skipping monkey patch for Qwen3ForCausalLM as use_fused_kernels is False or fused_kernels_backend is torch
(WorkerDict pid=728174) 
Loading weights:  67%|██████▋   | 267/398 [00:18<00:07, 17.34it/s] [repeated 41x across cluster]
(WorkerDict pid=728170) 
Loading weights:  92%|█████████▏| 366/398 [00:21<00:01, 18.91it/s]
(WorkerDict pid=728170) 
Loading weights:  95%|█████████▍| 377/398 [00:22<00:01, 18.93it/s]
(WorkerDict pid=728170) 
Loading weights:  98%|█████████▊| 389/398 [00:23<00:00, 19.87it/s]
Loading weights: 100%|██████████| 398/398 [00:23<00:00, 17.30it/s]
(WorkerDict pid=728170) Monkey patch _flash_attention_forward in transformers.integrations.flash_attention
(WorkerDict pid=728170) Skipping monkey patch for Qwen3ForCausalLM as use_fused_kernels is False or fused_kernels_backend is torch
(WorkerDict pid=728173) 
Loading weights:  89%|████████▉ | 355/398 [00:22<00:02, 19.51it/s] [repeated 57x across cluster]
(raylet) [2026-09-02 18:07:41,945 E 727446 727478] (raylet) file_system_monitor.cc:116: /data/ray_tmp/ray/session_2026-09-02_18-02-52_158824_726500 is over 95% full, available space: 5961.21 GB; capacity: 512000 GB. Object creation will fail if spilling is required.
(WorkerDict pid=728176) Monkey patch _flash_attention_forward in transformers.integrations.flash_attention
(WorkerDict pid=728176) Skipping monkey patch for Qwen3ForCausalLM as use_fused_kernels is False or fused_kernels_backend is torch
(WorkerDict pid=728170) Qwen3ForCausalLM contains 4.02B parameters
(WorkerDict pid=728170) Before FSDP, memory allocated (GB): 0.00, memory reserved (GB): 2.03, device memory used/total (GB): 3.51/79.33
(WorkerDict pid=728170) After FSDP, memory allocated (GB): 1.88, memory reserved (GB): 3.72, device memory used/total (GB): 5.19/79.33
(WorkerDict pid=728170) Total steps: 8, num_warmup_steps: 0
(WorkerDict pid=728173) Monkey patch _flash_attention_forward in transformers.integrations.flash_attention [repeated 5x across cluster]
(WorkerDict pid=728173) Skipping monkey patch for Qwen3ForCausalLM as use_fused_kernels is False or fused_kernels_backend is torch [repeated 5x across cluster]
(WorkerDict pid=728172) 
Loading weights: 100%|██████████| 398/398 [00:23<00:00, 16.59it/s] [repeated 14x across cluster]
(WorkerDict pid=728173) 
Loading weights:  98%|█████████▊| 389/398 [00:23<00:00, 26.99it/s]
Loading weights: 100%|██████████| 398/398 [00:23<00:00, 16.65it/s] [repeated 5x across cluster]
(raylet) [2026-09-02 18:07:51,954 E 727446 727478] (raylet) file_system_monitor.cc:116: /data/ray_tmp/ray/session_2026-09-02_18-02-52_158824_726500 is over 95% full, available space: 5961.2 GB; capacity: 512000 GB. Object creation will fail if spilling is required.
(raylet) [2026-09-02 18:08:01,993 E 727446 727478] (raylet) file_system_monitor.cc:116: /data/ray_tmp/ray/session_2026-09-02_18-02-52_158824_726500 is over 95% full, available space: 5961.16 GB; capacity: 512000 GB. Object creation will fail if spilling is required.
(raylet) [2026-09-02 18:08:12,016 E 727446 727478] (raylet) file_system_monitor.cc:116: /data/ray_tmp/ray/session_2026-09-02_18-02-52_158824_726500 is over 95% full, available space: 5961.12 GB; capacity: 512000 GB. Object creation will fail if spilling is required.
(SpecoSGLangHttpServer pid=729144) SGLang http server: rollout_mode=<RolloutMode.HYBRID: 'hybrid'>, replica_rank=2, node_rank=0, nnodes=1, cuda_visible_devices='2', role=null
(raylet) [2026-09-02 18:08:22,114 E 727446 727478] (raylet) file_system_monitor.cc:116: /data/ray_tmp/ray/session_2026-09-02_18-02-52_158824_726500 is over 95% full, available space: 5961.11 GB; capacity: 512000 GB. Object creation will fail if spilling is required.
(SpecoSGLangHttpServer pid=729144) WARNING:2026-09-02 18:08:22,663:agent loop only support torch and npu profiler, got None
(SpecoSGLangHttpServer pid=729143) WARNING:2026-09-02 18:08:23,929:Patched SGLang scheduler entrypoints for sglang.srt.entrypoints.engine, sglang.srt.managers.scheduler, sglang.srt.entrypoints.engine.Engine.run_scheduler_process_func
(SpecoSGLangHttpServer pid=729143) WARNING:2026-09-02 18:08:23,930:Installed SPECO SGLang runtime: algorithm=DFLASH2 draft_model=/data/models/Qwen3-4B-DFlash2
(SpecoSGLangHttpServer pid=729143) WARNING:2026-09-02 18:08:23,937:[speco vllm compat] patched transformers.configuration_utils missing ALLOWED_ATTENTION_LAYER_TYPES for vLLM import
(SpecoSGLangHttpServer pid=729143) [2026-09-02 18:08:24] DFLASH only supports speculative_num_steps == 1; overriding speculative_num_steps=3 to 1.
(SpecoSGLangHttpServer pid=729143) [2026-09-02 18:08:24] skip_tokenizer_init=True: string-based stop conditions (stop, stop_regex) and min_new_tokens are unavailable.
(SpecoSGLangHttpServer pid=729143) [2026-09-02 18:08:24] server_args={'model_path': '/data/models/Qwen3/Qwen3-4B', 'tokenizer_path': '/data/models/Qwen3/Qwen3-4B', 'tokenizer_mode': 'auto', 'tokenizer_backend': 'huggingface', 'tokenizer_worker_num': 1, 'detokenizer_worker_num': 1, 'skip_tokenizer_init': True, 'load_format': 'auto', 'model_loader_extra_config': '{}', 'trust_remote_code': False, 'context_length': None, 'is_embedding': False, 'enable_multimodal': None, 'revision': None, 'model_impl': 'auto', 'model_config_parser': 'auto', 'json_model_override_args': '{}', 'dtype': 'bfloat16', 'quantization': None, 'quantization_param_path': None, 'kv_cache_dtype': 'auto', 'enable_fp32_lm_head': False, 'modelopt_quant': None, 'modelopt_checkpoint_restore_path': None, 'modelopt_checkpoint_save_path': None, 'modelopt_export_path': None, 'quantize_and_serve': False, 'rl_quant_profile': None, 'enable_tf32_matmul': False, 'mem_fraction_static': 0.5, 'max_running_requests': 1024, 'max_queued_requests': None, 'max_total_tokens': None, 'chunked_prefill_size': 8192, 'prefill_decode_interval': 0, 'enable_dynamic_chunking': False, 'max_prefill_tokens': 16384, 'prefill_max_requests': None, 'schedule_policy': 'fcfs', 'enable_priority_scheduling': False, 'disable_priority_preemption': False, 'default_priority_value': None, 'abort_on_priority_when_disabled': False, 'schedule_low_priority_values_first': False, 'priority_scheduling_preemption_threshold': 10, 'retraction_policy': 'length', 'schedule_conservativeness': 1.0, 'page_size': 1, 'c128_page_size': 16, 'swa_full_tokens_ratio': 0.8, 'disable_hybrid_swa_memory': False, 'radix_eviction_policy': 'lru', 'prefill_only_disable_kv_cache': False, 'disable_radix_cache': False, 'enable_page_major_kv_layout': False, 'enable_unified_memory': False, 'disable_chunked_prefix_cache': False, 'disable_overlap_schedule': False, 'num_continuous_decode_steps': 1, 'scheduler_recv_interval': 1, 'enable_mixed_chunk': False, 'nccl_port': None, 'dist_timeout': None, 'dist_init_addr': None, 'gated_launch_port': None, 'nnodes': 1, 'node_rank': 0, 'tp_size': 1, 'dcp_size': 1, 'pp_size': 1, 'pp_max_micro_batch_size': None, 'pp_async_batch_depth': 0, 'dp_size': 1, 'load_balance_method': 'round_robin', 'attn_cp_size': 1, 'moe_dp_size': 1, 'dwdp_size': 1, 'dcp_comm_backend': 'ag_rs', 'dcp_replicate_q_proj': None, 'enable_prefill_cp': False, 'cp_strategy': None, 'enable_dsa_cache_layer_split': False, 'enable_dsa_prefill_context_parallel': False, 'dsa_prefill_cp_mode': 'round-robin-split', 'enable_prefill_context_parallel': False, 'prefill_cp_mode': 'in-seq-split', 'enable_cp_decode_attn_tp': False, 'enable_dp_attention': False, 'enable_dp_attention_local_control_broadcast': False, 'enable_dp_lm_head': False, 'enable_tp_lm_head_all_to_all': False, 'enable_attn_tp_input_scattered': False, 'enable_shared_experts_attn_tp': False, 'enable_dense_mlp_attn_tp': False, 'enable_layernorm_sp': False, 'disable_attn_tp_gather': False, 'enable_p2p_check': False, 'device': 'cuda', 'base_gpu_id': 0, 'gpu_id_step': 1, 'random_seed': 207237239, 'mlx_enable_sampling': False, 'watchdog_timeout': 300, 'soft_watchdog_timeout': None, 'sleep_on_idle': False, 'use_ray': False, 'custom_sigquit_handler': None, 'numa_node': None, 'gc_threshold': None, 'host': '127.0.0.1', 'port': 30000, 'fastapi_root_path': '', 'smg_grpc_mode': False, 'grpc_mode': False, 'grpc_port': None, 'grpc_worker_threads': 4, 'sidecar': None, 'sidecar_args': None, 'skip_server_warmup': True, 'warmups': None, 'enable_http2': False, 'http2_max_concurrent_streams': 200, 'http2_initial_connection_window_size': 1048576, 'ssl_keyfile': None, 'ssl_certfile': None, 'ssl_ca_certs': None, 'ssl_keyfile_password': None, 'enable_ssl_refresh': False, 'api_key': None, 'admin_api_key': None, 'served_model_name': '/data/models/Qwen3/Qwen3-4B', 'weight_version': 'default', 'chat_template': None, 'hf_chat_template_name': None, 'completion_template': None, 'file_storage_path': 'sglang_storage', 'enable_cache_report': False, 'reasoning_parser': None, 'default_chat_template_kwargs': None, 'strip_thinking_cache': False, 'enable_strict_thinking': False, 'tool_call_parser': None, 'tool_server': None, 'sampling_defaults': 'model', 'asr_max_buffer_seconds': 60, 'asr_max_concurrent_sessions': 32, 'preferred_sampling_params': None, 'allow_auto_truncate': False, 'stream_interval': 1, 'batch_notify_size': 16, 'stream_response_default_include_usage': False, 'incremental_streaming_output': False, 'enable_streaming_session': False, 'enable_session_radix_cache': False, 'log_level': 'info', 'log_level_http': None, 'log_requests': False, 'log_requests_level': 2, 'log_requests_format': 'text', 'log_requests_target': None, 'uvicorn_access_log_exclude_prefixes': [], 'crash_dump_folder': None, 'show_time_cost': False, 'enable_metrics': False, 'smg_http_sidecar_port': None, 'enable_mfu_metrics': False, 'enable_metrics_for_all_schedulers': False, 'load_snapshot_publish_interval': 15, 'tokenizer_metrics_custom_labels_header': 'x-custom-labels', 'tokenizer_metrics_allowed_custom_labels': None, 'extra_metric_labels': None, 'bucket_time_to_first_token': None, 'bucket_inter_token_latency': None, 'bucket_e2e_request_latency': None, 'prompt_tokens_buckets': None, 'generation_tokens_buckets': None, 'gc_warning_threshold_secs': 0.0, 'decode_log_interval': 40, 'enable_request_time_stats_logging': False, 'kv_events_config': None, 'load_publish_endpoint': None, 'enable_forward_pass_metrics': False, 'forward_pass_metrics_worker_id': '', 'forward_pass_metrics_ipc_name': None, 'enable_trace': False, 'trace_modules': 'request', 'otlp_traces_endpoint': 'localhost:4317', 'export_metrics_to_file': False, 'export_metrics_to_file_dir': None, 'stat_loggers': None, 'constrained_json_whitespace_pattern': None, 'constrained_json_disable_any_whitespace': False, 'attention_backend': 'flashinfer', 'decode_attention_backend': None, 'enable_lean_attention': None, 'prefill_attention_backend': None, 'sampling_backend': 'flashinfer', 'grammar_backend': 'xgrammar', 'radix_cache_backend': None, 'mm_attention_backend': None, 'fp8_gemm_runner_backend': 'auto', 'fp4_gemm_runner_backend': 'auto', 'bf16_gemm_backend': 'auto', 'dsa_prefill_backend': None, 'dsv4_prefill_backend': 'auto', 'dsa_decode_backend': None, 'dsa_paged_mqa_logits_backend': 'auto', 'dsa_topk_backend': 'sgl-kernel', 'disable_flashinfer_autotune': False, 'flashinfer_autotune_skip_ops': None, 'mamba_backend': 'triton', 'cuda_graph_config': {'decode': {'backend': 'disabled', 'max_bs': 256, 'bs': [1, 2, 3, 4, 5, 6, 7, 8, 10, 12, 14, 16, 18, 20, 22, 24, 26, 28, 30, 32, 40, 44, 48, 52, 56, 60, 64, 72, 80, 88, 96, 104, 112, 120, 128, 136, 144, 152, 160, 168, 176, 184, 192, 200, 208, 216, 224, 232, 240, 248, 256], 'tc_compiler': 'eager', 'full_prefill_max_req': None, 'full_prefill_prefix_chunk_tokens': None}, 'prefill': {'backend': 'disabled', 'max_bs': 8192, 'bs': [4, 8, 12, 16, 20, 24, 28, 32, 48, 64, 80, 96, 112, 128, 144, 160, 176, 192, 208, 224, 240, 256, 288, 320, 352, 384, 416, 448, 480, 512, 576, 640, 704, 768, 832, 896, 960, 1024, 1280, 1536, 1792, 2048, 2304, 2560, 2816, 3072, 3328, 3584, 3840, 4096, 4608, 5120, 5632, 6144, 6656, 7168, 7680, 8192], 'tc_compiler': 'eager', 'full_prefill_max_req': None, 'full_prefill_prefix_chunk_tokens': None}}, 'cuda_graph_backend_decode': None, 'cuda_graph_backend_prefill': None, 'cuda_graph_max_bs_decode': None, 'cuda_graph_max_bs_prefill': None, 'cuda_graph_bs_decode': None, 'cuda_graph_bs_prefill': None, 'cuda_graph_tc_compiler': None, 'disable_prefill_cuda_graph': False, 'disable_decode_cuda_graph': False, 'disable_cuda_graph': True, 'disable_cuda_graph_padding': False, 'enable_profile_cuda_graph': False, 'enable_cudagraph_gc': False, 'debug_cuda_graph': False, 'enable_layerwise_nvtx_marker': False, 'enable_nccl_nvls': False, 'enable_symm_mem': False, 'triton_attention_reduce_in_fp32': False, 'triton_attention_num_kv_splits': 8, 'triton_attention_split_tile_size': None, 'flashinfer_mla_disable_ragged': False, 'enable_fused_qk_norm_rope': False, 'enable_precise_embedding_interpolation': False, 'enable_fused_moe_sum_all_reduce': False, 'enable_deepseek_v4_fp4_indexer': False, 'disable_custom_all_reduce': False, 'enable_mscclpp': False, 'enable_torch_symm_mem': False, 'enable_scattered_sconv': False, 'pre_warm_nccl': False, 'enable_quant_communications': False, 'enable_flashinfer_allreduce_fusion': False, 'enforce_disable_flashinfer_allreduce_fusion': False, 'flashinfer_allreduce_fusion_backend': None, 'enable_aiter_allreduce_fusion': False, 'enable_torch_compile': False, 'enable_torch_compile_debug_mode': False, 'torch_compile_max_bs': 32, 'speculative_algorithm': 'DFLASH', 'speculative_draft_model_path': '/data/models/Qwen3-4B-DFlash2', 'speculative_draft_model_revision': 'main', 'speculative_draft_load_format': None, 'speculative_num_steps': 1, 'speculative_eagle_topk': 1, 'speculative_num_draft_tokens': 8, 'speculative_dflash_block_size': None, 'speculative_dspark_block_size': None, 'speculative_dspark_sps_table_path': None, 'speculative_dspark_confidence_sts_path': None, 'speculative_dspark_align_verify_tokens_to_graph_tier': False, 'speculative_accept_threshold_single': 1.0, 'speculative_accept_threshold_acc': 1.0, 'speculative_use_rejection_sampling': False, 'speculative_token_map': None, 'speculative_attention_mode': 'prefill', 'speculative_draft_attention_backend': 'flashinfer', 'speculative_dsa_topk_backend': 'sgl-kernel', 'speculative_draft_kv_cache_dtype': None, 'speculative_draft_window_size': None, 'speculative_moe_runner_backend': 'auto', 'speculative_moe_a2a_backend': None, 'speculative_draft_model_quantization': None, '_speculative_draft_quantization_explicitly_set': False, 'speculative_skip_dp_mlp_sync': False, 'enable_multi_layer_eagle': False, 'speculative_adaptive': False, 'speculative_adaptive_config': None, 'decoupled_spec_bind_endpoint': None, 'decoupled_spec_connect_endpoints': None, 'decoupled_spec_rank': None, 'decoupled_spec_role': 'null', 'spec_trace_dir': None, 'speculative_ngram_min_bfs_breadth': 1, 'speculative_ngram_max_bfs_breadth': 10, 'speculative_ngram_match_type': 'BFS', 'speculative_ngram_max_trie_depth': 18, 'speculative_ngram_capacity': 10000000, 'speculative_ngram_external_corpus_path': None, 'speculative_ngram_external_sam_budget': 0, 'speculative_ngram_external_corpus_max_tokens': 10000000, 'ep_size': 1, 'moe_a2a_backend': 'none', 'enable_w4a4_mxfp4_megamoe': False, 'deepep_v2_mode': 'direct', 'moe_runner_backend': 'auto', 'flashinfer_mxfp4_moe_precision': 'default', 'deepep_mode': 'auto', 'fuseep_mode': 2, 'deepep_dispatcher_output_dtype': 'auto', 'ep_num_redundant_experts': 0, 'ep_dispatch_algorithm': None, 'init_expert_location': 'trivial', 'enable_eplb': False, 'eplb_algorithm': 'auto', 'eplb_rebalance_num_iterations': 1000, 'eplb_rebalance_layers_per_chunk': None, 'eplb_min_rebalancing_utilization_threshold': 1.0, 'expert_distribution_recorder_mode': None, 'expert_distribution_recorder_buffer_size': 1000, 'expert_balancedness_report_mode': 'off', 'deepep_config': None, 'moe_dense_tp_size': None, 'elastic_ep_backend': None, 'enable_elastic_expert_backup': False, 'mooncake_ib_device': None, 'enable_waterfill': False, 'ep_join_mode': None, 'ep_join_rank_offset': 0, 'elastic_ep_initial_size': None, 'max_ep_size': None, 'elastic_ep_scale_timeout': 600, 'elastic_ep_rejoin': False, 'disable_flashinfer_cutlass_moe_fp4_allgather': False, 'disable_shared_experts_fusion': False, 'enforce_shared_experts_fusion': False, 'max_mamba_cache_size': None, 'mamba_ssm_dtype': None, 'mamba_max_states_per_path': -1, 'enable_mamba_cache_stochastic_rounding': False, 'mamba_cache_philox_rounds': 0, 'mamba_full_memory_ratio': 0.9, 'mamba_radix_cache_strategy': 'auto', 'uses_mamba_radix_cache': False, 'mamba_track_interval': 256, 'enable_int8_mamba_checkpoint': False, 'int8_mamba_ckpt_size': None, 'linear_attn_backend': 'triton', 'linear_attn_decode_backend': None, 'linear_attn_prefill_backend': None, 'linear_attn_verify_backend': None, 'enable_linear_replayssm': False, 'linear_replayssm_cache_len': 16, 'enable_linear_replayssm_spec': False, 'enable_hierarchical_cache': False, 'hicache_host_memory_mode': 'cache', 'hicache_ratio': 2.0, 'hicache_size': 0, 'hicache_write_policy': 'write_through', 'hicache_io_backend': 'kernel', 'hicache_mem_layout': 'page_first', 'hicache_storage_backend': None, 'hicache_storage_prefetch_policy': 'timeout', 'hicache_storage_backend_extra_config': None, 'hicache_storage_prefetch_retry_poll_interval': 0, 'hicache_storage_prefetch_retry_max_attempts': 4, 'enable_hisparse': False, 'hisparse_config': None, 'enable_broadcast_mm_inputs_process': False, 'enable_prefix_mm_cache': False, 'mm_enable_dp_encoder': False, 'mm_process_config': {}, 'mm_processor_worker_num': 0, 'mm_io_worker_num': 0, 'allowed_media_domains': [], 'media_url_max_file_size_mb': 64, 'mm_preprocess_cache_size_mb': None, 'trust_mm_content_hashes': False, 'limit_mm_data_per_request': None, 'enable_mm_global_cache': False, 'image_processor_backend': 'auto', 'mm_global_cache_backend': 'mooncake', 'disable_fast_image_processor': False, 'mm_feature_transport': 'cpu', 'keep_mm_feature_on_device': False, 'enable_lora': None, 'enable_lora_overlap_loading': None, 'max_lora_rank': None, 'lora_target_modules': None, 'lora_paths': None, 'max_loaded_loras': None, 'max_loras_per_batch': 8, 'lora_eviction_policy': 'lru', 'lora_backend': 'csgmv', 'max_lora_chunk_size': 16, 'experts_shared_outer_loras': None, 'lora_use_virtual_experts': False, 'lora_strict_loading': False, 'lora_drain_wait_threshold': 0.0, 'enable_two_batch_overlap': False, 'enable_single_batch_overlap': False, 'tbo_token_distribution_threshold': 0.48, 'cpu_offload_gb': 0, 'offload_group_size': -1, 'offload_num_in_group': 1, 'offload_prefetch_step': 1, 'offload_mode': 'cpu', 'enable_lmcache': False, 'lmcache_config_file': None, 'enable_flexkv': False, 'flexkv_config_file': None, 'kt_weight_path': None, 'kt_method': 'AMXINT4', 'kt_cpuinfer': None, 'kt_threadpool_count': 2, 'kt_num_gpu_experts': None, 'kt_max_deferred_experts_per_token': None, 'dllm_algorithm': None, 'dllm_algorithm_config': None, 'dllm_fdfo': True, 'disaggregation_mode': 'null', 'disaggregation_transfer_backend': 'mooncake', 'disaggregation_bootstrap_port': 8998, 'disaggregation_ib_device': None, 'disaggregation_decode_enable_radix_cache': False, 'disaggregation_decode_enable_offload_kvcache': False, 'disaggregation_decode_retraction_backup': None, 'num_reserved_decode_tokens': 512, 'disaggregation_decode_extra_slots': None, 'disaggregation_decode_polling_interval': 1, 'optimistic_prefill_attempts': 0, 'encoder_only': False, 'language_only': False, 'language_model_only': False, 'encoder_transfer_backend': 'zmq_to_scheduler', 'encoder_urls': [], 'encoder_bootstrap_port': 8997, 'encoder_register_urls': [], 'enable_adaptive_dispatch_to_encoder': False, 'enable_pdmux': False, 'pdmux_config_path': None, 'sm_group_num': 8, 'startup_weight_load_mode': 'serial', 'custom_weight_loader': ['verl_speco.integration.sglang_runtime.speco_sglang_target_weight_loader', 'verl_speco.integration.sglang_runtime.speco_sglang_draft_weight_loader'], 'weight_loader_disable_mmap': False, 'weight_loader_prefetch_checkpoints': False, 'weight_loader_prefetch_num_threads': 4, 'weight_loader_drop_cache_after_load': False, 'remote_instance_weight_loader_seed_instance_ip': None, 'remote_instance_weight_loader_seed_instance_service_port': None, 'remote_instance_weight_loader_send_weights_group_ports': None, 'remote_instance_weight_loader_backend': 'nccl', 'remote_instance_weight_loader_start_seed_via_transfer_engine': False, 'engine_info_bootstrap_port': 6789, 'modelexpress_config': None, 'download_dir': None, 'model_checksum': None, 'delete_ckpt_after_loading': False, 'decrypted_config_file': None, 'decrypted_draft_config_file': None, 'checkpoint_engine_wait_weights_before_ready': False, 'enable_prefill_delayer': False, 'prefill_delayer_max_delay_passes': 30, 'prefill_delayer_token_usage_low_watermark': None, 'prefill_delayer_forward_passes_buckets': None, 'prefill_delayer_wait_seconds_buckets': None, 'prefill_delayer_queue_min_ratio': None, 'prefill_delayer_max_delay_ms': None, 'min_free_slots_delay': None, 'enable_deterministic_inference': False, 'rl_on_policy_target': None, 'kv_canary': 'none', 'kv_canary_real_data': 'none', 'kv_canary_sweep_interval': 0, 'enable_dynamic_batch_tokenizer': False, 'dynamic_batch_tokenizer_batch_size': 32, 'dynamic_batch_tokenizer_batch_timeout': 0.002, 'enable_tokenizer_batch_encode': False, 'disable_tokenizer_batch_decode': False, 'debug_tensor_dump_output_folder': None, 'debug_tensor_dump_layers': None, 'debug_tensor_dump_input_file': None, 'enable_memory_saver': True, 'enable_weights_cpu_backup': True, 'enable_draft_weights_cpu_backup': True, 'enable_custom_logit_processor': False, 'enable_return_hidden_states': False, 'return_hidden_states_mode': None, 'enable_return_routed_experts': False, 'enable_return_indexer_topk': False, 'disable_outlines_disk_cache': False, 'enable_mis': False, 'weight_cache_mode': 'off', 'weight_cache_socket': None, 'weight_cache_timeout': 1800, 'forward_hooks': None, 'msprobe_dump_config': None}
(SpecoSGLangHttpServer pid=729143) [2026-09-02 18:08:24] No HuggingFace chat template found
(SpecoSGLangHttpServer pid=729143) [2026-09-02 18:08:24] No chat template found, defaulting to 'string' content format
(raylet) [2026-09-02 18:08:32,206 E 727446 727478] (raylet) file_system_monitor.cc:116: /data/ray_tmp/ray/session_2026-09-02_18-02-52_158824_726500 is over 95% full, available space: 5961.07 GB; capacity: 512000 GB. Object creation will fail if spilling is required.
(SpecoSGLangHttpServer pid=729147) WARNING:2026-09-02 18:08:23,166:agent loop only support torch and npu profiler, got None [repeated 7x across cluster]
(SpecoSGLangHttpServer pid=729151) WARNING:2026-09-02 18:08:23,929:Patched SGLang scheduler entrypoints for sglang.srt.entrypoints.engine, sglang.srt.managers.scheduler, sglang.srt.entrypoints.engine.Engine.run_scheduler_process_func [repeated 7x across cluster]
(SpecoSGLangHttpServer pid=729151) WARNING:2026-09-02 18:08:23,930:Installed SPECO SGLang runtime: algorithm=DFLASH2 draft_model=/data/models/Qwen3-4B-DFlash2 [repeated 7x across cluster]
(SpecoSGLangHttpServer pid=729151) WARNING:2026-09-02 18:08:23,935:[speco vllm compat] patched transformers.configuration_utils missing ALLOWED_ATTENTION_LAYER_TYPES for vLLM import [repeated 7x across cluster]
(SpecoSGLangHttpServer pid=729151) [2026-09-02 18:08:24] DFLASH only supports speculative_num_steps == 1; overriding speculative_num_steps=3 to 1. [repeated 7x across cluster]
(SpecoSGLangHttpServer pid=729151) [2026-09-02 18:08:24] skip_tokenizer_init=True: string-based stop conditions (stop, stop_regex) and min_new_tokens are unavailable. [repeated 7x across cluster]
(SpecoSGLangHttpServer pid=729151) [2026-09-02 18:08:24] server_args={'model_path': '/data/models/Qwen3/Qwen3-4B', 'tokenizer_path': '/data/models/Qwen3/Qwen3-4B', 'tokenizer_mode': 'auto', 'tokenizer_backend': 'huggingface', 'tokenizer_worker_num': 1, 'detokenizer_worker_num': 1, 'skip_tokenizer_init': True, 'load_format': 'auto', 'model_loader_extra_config': '{}', 'trust_remote_code': False, 'context_length': None, 'is_embedding': False, 'enable_multimodal': None, 'revision': None, 'model_impl': 'auto', 'model_config_parser': 'auto', 'json_model_override_args': '{}', 'dtype': 'bfloat16', 'quantization': None, 'quantization_param_path': None, 'kv_cache_dtype': 'auto', 'enable_fp32_lm_head': False, 'modelopt_quant': None, 'modelopt_checkpoint_restore_path': None, 'modelopt_checkpoint_save_path': None, 'modelopt_export_path': None, 'quantize_and_serve': False, 'rl_quant_profile': None, 'enable_tf32_matmul': False, 'mem_fraction_static': 0.5, 'max_running_requests': 1024, 'max_queued_requests': None, 'max_total_tokens': None, 'chunked_prefill_size': 8192, 'prefill_decode_interval': 0, 'enable_dynamic_chunking': False, 'max_prefill_tokens': 16384, 'prefill_max_requests': None, 'schedule_policy': 'fcfs', 'enable_priority_scheduling': False, 'disable_priority_preemption': False, 'default_priority_value': None, 'abort_on_priority_when_disabled': False, 'schedule_low_priority_values_first': False, 'priority_scheduling_preemption_threshold': 10, 'retraction_policy': 'length', 'schedule_conservativeness': 1.0, 'page_size': 1, 'c128_page_size': 16, 'swa_full_tokens_ratio': 0.8, 'disable_hybrid_swa_memory': False, 'radix_eviction_policy': 'lru', 'prefill_only_disable_kv_cache': False, 'disable_radix_cache': False, 'enable_page_major_kv_layout': False, 'enable_unified_memory': False, 'disable_chunked_prefix_cache': False, 'disable_overlap_schedule': False, 'num_continuous_decode_steps': 1, 'scheduler_recv_interval': 1, 'enable_mixed_chunk': False, 'nccl_port': None, 'dist_timeout': None, 'dist_init_addr': None, 'gated_launch_port': None, 'nnodes': 1, 'node_rank': 0, 'tp_size': 1, 'dcp_size': 1, 'pp_size': 1, 'pp_max_micro_batch_size': None, 'pp_async_batch_depth': 0, 'dp_size': 1, 'load_balance_method': 'round_robin', 'attn_cp_size': 1, 'moe_dp_size': 1, 'dwdp_size': 1, 'dcp_comm_backend': 'ag_rs', 'dcp_replicate_q_proj': None, 'enable_prefill_cp': False, 'cp_strategy': None, 'enable_dsa_cache_layer_split': False, 'enable_dsa_prefill_context_parallel': False, 'dsa_prefill_cp_mode': 'round-robin-split', 'enable_prefill_context_parallel': False, 'prefill_cp_mode': 'in-seq-split', 'enable_cp_decode_attn_tp': False, 'enable_dp_attention': False, 'enable_dp_attention_local_control_broadcast': False, 'enable_dp_lm_head': False, 'enable_tp_lm_head_all_to_all': False, 'enable_attn_tp_input_scattered': False, 'enable_shared_experts_attn_tp': False, 'enable_dense_mlp_attn_tp': False, 'enable_layernorm_sp': False, 'disable_attn_tp_gather': False, 'enable_p2p_check': False, 'device': 'cuda', 'base_gpu_id': 0, 'gpu_id_step': 1, 'random_seed': 311647595, 'mlx_enable_sampling': False, 'watchdog_timeout': 300, 'soft_watchdog_timeout': None, 'sleep_on_idle': False, 'use_ray': False, 'custom_sigquit_handler': None, 'numa_node': None, 'gc_threshold': None, 'host': '127.0.0.1', 'port': 30000, 'fastapi_root_path': '', 'smg_grpc_mode': False, 'grpc_mode': False, 'grpc_port': None, 'grpc_worker_threads': 4, 'sidecar': None, 'sidecar_args': None, 'skip_server_warmup': True, 'warmups': None, 'enable_http2': False, 'http2_max_concurrent_streams': 200, 'http2_initial_connection_window_size': 1048576, 'ssl_keyfile': None, 'ssl_certfile': None, 'ssl_ca_certs': None, 'ssl_keyfile_password': None, 'enable_ssl_refresh': False, 'api_key': None, 'admin_api_key': None, 'served_model_name': '/data/models/Qwen3/Qwen3-4B', 'weight_version': 'default', 'chat_template': None, 'hf_chat_template_name': None, 'completion_template': None, 'file_storage_path': 'sglang_storage', 'enable_cache_report': False, 'reasoning_parser': None, 'default_chat_template_kwargs': None, 'strip_thinking_cache': False, 'enable_strict_thinking': False, 'tool_call_parser': None, 'tool_server': None, 'sampling_defaults': 'model', 'asr_max_buffer_seconds': 60, 'asr_max_concurrent_sessions': 32, 'preferred_sampling_params': None, 'allow_auto_truncate': False, 'stream_interval': 1, 'batch_notify_size': 16, 'stream_response_default_include_usage': False, 'incremental_streaming_output': False, 'enable_streaming_session': False, 'enable_session_radix_cache': False, 'log_level': 'info', 'log_level_http': None, 'log_requests': False, 'log_requests_level': 2, 'log_requests_format': 'text', 'log_requests_target': None, 'uvicorn_access_log_exclude_prefixes': [], 'crash_dump_folder': None, 'show_time_cost': False, 'enable_metrics': False, 'smg_http_sidecar_port': None, 'enable_mfu_metrics': False, 'enable_metrics_for_all_schedulers': False, 'load_snapshot_publish_interval': 15, 'tokenizer_metrics_custom_labels_header': 'x-custom-labels', 'tokenizer_metrics_allowed_custom_labels': None, 'extra_metric_labels': None, 'bucket_time_to_first_token': None, 'bucket_inter_token_latency': None, 'bucket_e2e_request_latency': None, 'prompt_tokens_buckets': None, 'generation_tokens_buckets': None, 'gc_warning_threshold_secs': 0.0, 'decode_log_interval': 40, 'enable_request_time_stats_logging': False, 'kv_events_config': None, 'load_publish_endpoint': None, 'enable_forward_pass_metrics': False, 'forward_pass_metrics_worker_id': '', 'forward_pass_metrics_ipc_name': None, 'enable_trace': False, 'trace_modules': 'request', 'otlp_traces_endpoint': 'localhost:4317', 'export_metrics_to_file': False, 'export_metrics_to_file_dir': None, 'stat_loggers': None, 'constrained_json_whitespace_pattern': None, 'constrained_json_disable_any_whitespace': False, 'attention_backend': 'flashinfer', 'decode_attention_backend': None, 'enable_lean_attention': None, 'prefill_attention_backend': None, 'sampling_backend': 'flashinfer', 'grammar_backend': 'xgrammar', 'radix_cache_backend': None, 'mm_attention_backend': None, 'fp8_gemm_runner_backend': 'auto', 'fp4_gemm_runner_backend': 'auto', 'bf16_gemm_backend': 'auto', 'dsa_prefill_backend': None, 'dsv4_prefill_backend': 'auto', 'dsa_decode_backend': None, 'dsa_paged_mqa_logits_backend': 'auto', 'dsa_topk_backend': 'sgl-kernel', 'disable_flashinfer_autotune': False, 'flashinfer_autotune_skip_ops': None, 'mamba_backend': 'triton', 'cuda_graph_config': {'decode': {'backend': 'disabled', 'max_bs': 256, 'bs': [1, 2, 3, 4, 5, 6, 7, 8, 10, 12, 14, 16, 18, 20, 22, 24, 26, 28, 30, 32, 40, 44, 48, 52, 56, 60, 64, 72, 80, 88, 96, 104, 112, 120, 128, 136, 144, 152, 160, 168, 176, 184, 192, 200, 208, 216, 224, 232, 240, 248, 256], 'tc_compiler': 'eager', 'full_prefill_max_req': None, 'full_prefill_prefix_chunk_tokens': None}, 'prefill': {'backend': 'disabled', 'max_bs': 8192, 'bs': [4, 8, 12, 16, 20, 24, 28, 32, 48, 64, 80, 96, 112, 128, 144, 160, 176, 192, 208, 224, 240, 256, 288, 320, 352, 384, 416, 448, 480, 512, 576, 640, 704, 768, 832, 896, 960, 1024, 1280, 1536, 1792, 2048, 2304, 2560, 2816, 3072, 3328, 3584, 3840, 4096, 4608, 5120, 5632, 6144, 6656, 7168, 7680, 8192], 'tc_compiler': 'eager', 'full_prefill_max_req': None, 'full_prefill_prefix_chunk_tokens': None}}, 'cuda_graph_backend_decode': None, 'cuda_graph_backend_prefill': None, 'cuda_graph_max_bs_decode': None, 'cuda_graph_max_bs_prefill': None, 'cuda_graph_bs_decode': None, 'cuda_graph_bs_prefill': None, 'cuda_graph_tc_compiler': None, 'disable_prefill_cuda_graph': False, 'disable_decode_cuda_graph': False, 'disable_cuda_graph': True, 'disable_cuda_graph_padding': False, 'enable_profile_cuda_graph': False, 'enable_cudagraph_gc': False, 'debug_cuda_graph': False, 'enable_layerwise_nvtx_marker': False, 'enable_nccl_nvls': False, 'enable_symm_mem': False, 'triton_attention_reduce_in_fp32': False, 'triton_attention_num_kv_splits': 8, 'triton_attention_split_tile_size': None, 'flashinfer_mla_disable_ragged': False, 'enable_fused_qk_norm_rope': False, 'enable_precise_embedding_interpolation': False, 'enable_fused_moe_sum_all_reduce': False, 'enable_deepseek_v4_fp4_indexer': False, 'disable_custom_all_reduce': False, 'enable_mscclpp': False, 'enable_torch_symm_mem': False, 'enable_scattered_sconv': False, 'pre_warm_nccl': False, 'enable_quant_communications': False, 'enable_flashinfer_allreduce_fusion': False, 'enforce_disable_flashinfer_allreduce_fusion': False, 'flashinfer_allreduce_fusion_backend': None, 'enable_aiter_allreduce_fusion': False, 'enable_torch_compile': False, 'enable_torch_compile_debug_mode': False, 'torch_compile_max_bs': 32, 'speculative_algorithm': 'DFLASH', 'speculative_draft_model_path': '/data/models/Qwen3-4B-DFlash2', 'speculative_draft_model_revision': 'main', 'speculative_draft_load_format': None, 'speculative_num_steps': 1, 'speculative_eagle_topk': 1, 'speculative_num_draft_tokens': 8, 'speculative_dflash_block_size': None, 'speculative_dspark_block_size': None, 'speculative_dspark_sps_table_path': None, 'speculative_dspark_confidence_sts_path': None, 'speculative_dspark_align_verify_tokens_to_graph_tier': False, 'speculative_accept_threshold_single': 1.0, 'speculative_accept_threshold_acc': 1.0, 'speculative_use_rejection_sampling': False, 'speculative_token_map': None, 'speculative_attention_mode': 'prefill', 'speculative_draft_attention_backend': 'flashinfer', 'speculative_dsa_topk_backend': 'sgl-kernel', 'speculative_draft_kv_cache_dtype': None, 'speculative_draft_window_size': None, 'speculative_moe_runner_backend': 'auto', 'speculative_moe_a2a_backend': None, 'speculative_draft_model_quantization': None, '_speculative_draft_quantization_explicitly_set': False, 'speculative_skip_dp_mlp_sync': False, 'enable_multi_layer_eagle': False, 'speculative_adaptive': False, 'speculative_adaptive_config': None, 'decoupled_spec_bind_endpoint': None, 'decoupled_spec_connect_endpoints': None, 'decoupled_spec_rank': None, 'decoupled_spec_role': 'null', 'spec_trace_dir': None, 'speculative_ngram_min_bfs_breadth': 1, 'speculative_ngram_max_bfs_breadth': 10, 'speculative_ngram_match_type': 'BFS', 'speculative_ngram_max_trie_depth': 18, 'speculative_ngram_capacity': 10000000, 'speculative_ngram_external_corpus_path': None, 'speculative_ngram_external_sam_budget': 0, 'speculative_ngram_external_corpus_max_tokens': 10000000, 'ep_size': 1, 'moe_a2a_backend': 'none', 'enable_w4a4_mxfp4_megamoe': False, 'deepep_v2_mode': 'direct', 'moe_runner_backend': 'auto', 'flashinfer_mxfp4_moe_precision': 'default', 'deepep_mode': 'auto', 'fuseep_mode': 2, 'deepep_dispatcher_output_dtype': 'auto', 'ep_num_redundant_experts': 0, 'ep_dispatch_algorithm': None, 'init_expert_location': 'trivial', 'enable_eplb': False, 'eplb_algorithm': 'auto', 'eplb_rebalance_num_iterations': 1000, 'eplb_rebalance_layers_per_chunk': None, 'eplb_min_rebalancing_utilization_threshold': 1.0, 'expert_distribution_recorder_mode': None, 'expert_distribution_recorder_buffer_size': 1000, 'expert_balancedness_report_mode': 'off', 'deepep_config': None, 'moe_dense_tp_size': None, 'elastic_ep_backend': None, 'enable_elastic_expert_backup': False, 'mooncake_ib_device': None, 'enable_waterfill': False, 'ep_join_mode': None, 'ep_join_rank_offset': 0, 'elastic_ep_initial_size': None, 'max_ep_size': None, 'elastic_ep_scale_timeout': 600, 'elastic_ep_rejoin': False, 'disable_flashinfer_cutlass_moe_fp4_allgather': False, 'disable_shared_experts_fusion': False, 'enforce_shared_experts_fusion': False, 'max_mamba_cache_size': None, 'mamba_ssm_dtype': None, 'mamba_max_states_per_path': -1, 'enable_mamba_cache_stochastic_rounding': False, 'mamba_cache_philox_rounds': 0, 'mamba_full_memory_ratio': 0.9, 'mamba_radix_cache_strategy': 'auto', 'uses_mamba_radix_cache': False, 'mamba_track_interval': 256, 'enable_int8_mamba_checkpoint': False, 'int8_mamba_ckpt_size': None, 'linear_attn_backend': 'triton', 'linear_attn_decode_backend': None, 'linear_attn_prefill_backend': None, 'linear_attn_verify_backend': None, 'enable_linear_replayssm': False, 'linear_replayssm_cache_len': 16, 'enable_linear_replayssm_spec': False, 'enable_hierarchical_cache': False, 'hicache_host_memory_mode': 'cache', 'hicache_ratio': 2.0, 'hicache_size': 0, 'hicache_write_policy': 'write_through', 'hicache_io_backend': 'kernel', 'hicache_mem_layout': 'page_first', 'hicache_storage_backend': None, 'hicache_storage_prefetch_policy': 'timeout', 'hicache_storage_backend_extra_config': None, 'hicache_storage_prefetch_retry_poll_interval': 0, 'hicache_storage_prefetch_retry_max_attempts': 4, 'enable_hisparse': False, 'hisparse_config': None, 'enable_broadcast_mm_inputs_process': False, 'enable_prefix_mm_cache': False, 'mm_enable_dp_encoder': False, 'mm_process_config': {}, 'mm_processor_worker_num': 0, 'mm_io_worker_num': 0, 'allowed_media_domains': [], 'media_url_max_file_size_mb': 64, 'mm_preprocess_cache_size_mb': None, 'trust_mm_content_hashes': False, 'limit_mm_data_per_request': None, 'enable_mm_global_cache': False, 'image_processor_backend': 'auto', 'mm_global_cache_backend': 'mooncake', 'disable_fast_image_processor': False, 'mm_feature_transport': 'cpu', 'keep_mm_feature_on_device': False, 'enable_lora': None, 'enable_lora_overlap_loading': None, 'max_lora_rank': None, 'lora_target_modules': None, 'lora_paths': None, 'max_loaded_loras': None, 'max_loras_per_batch': 8, 'lora_eviction_policy': 'lru', 'lora_backend': 'csgmv', 'max_lora_chunk_size': 16, 'experts_shared_outer_loras': None, 'lora_use_virtual_experts': False, 'lora_strict_loading': False, 'lora_drain_wait_threshold': 0.0, 'enable_two_batch_overlap': False, 'enable_single_batch_overlap': False, 'tbo_token_distribution_threshold': 0.48, 'cpu_offload_gb': 0, 'offload_group_size': -1, 'offload_num_in_group': 1, 'offload_prefetch_step': 1, 'offload_mode': 'cpu', 'enable_lmcache': False, 'lmcache_config_file': None, 'enable_flexkv': False, 'flexkv_config_file': None, 'kt_weight_path': None, 'kt_method': 'AMXINT4', 'kt_cpuinfer': None, 'kt_threadpool_count': 2, 'kt_num_gpu_experts': None, 'kt_max_deferred_experts_per_token': None, 'dllm_algorithm': None, 'dllm_algorithm_config': None, 'dllm_fdfo': True, 'disaggregation_mode': 'null', 'disaggregation_transfer_backend': 'mooncake', 'disaggregation_bootstrap_port': 8998, 'disaggregation_ib_device': None, 'disaggregation_decode_enable_radix_cache': False, 'disaggregation_decode_enable_offload_kvcache': False, 'disaggregation_decode_retraction_backup': None, 'num_reserved_decode_tokens': 512, 'disaggregation_decode_extra_slots': None, 'disaggregation_decode_polling_interval': 1, 'optimistic_prefill_attempts': 0, 'encoder_only': False, 'language_only': False, 'language_model_only': False, 'encoder_transfer_backend': 'zmq_to_scheduler', 'encoder_urls': [], 'encoder_bootstrap_port': 8997, 'encoder_register_urls': [], 'enable_adaptive_dispatch_to_encoder': False, 'enable_pdmux': False, 'pdmux_config_path': None, 'sm_group_num': 8, 'startup_weight_load_mode': 'serial', 'custom_weight_loader': ['verl_speco.integration.sglang_runtime.speco_sglang_target_weight_loader', 'verl_speco.integration.sglang_runtime.speco_sglang_draft_weight_loader'], 'weight_loader_disable_mmap': False, 'weight_loader_prefetch_checkpoints': False, 'weight_loader_prefetch_num_threads': 4, 'weight_loader_drop_cache_after_load': False, 'remote_instance_weight_loader_seed_instance_ip': None, 'remote_instance_weight_loader_seed_instance_service_port': None, 'remote_instance_weight_loader_send_weights_group_ports': None, 'remote_instance_weight_loader_backend': 'nccl', 'remote_instance_weight_loader_start_seed_via_transfer_engine': False, 'engine_info_bootstrap_port': 6789, 'modelexpress_config': None, 'download_dir': None, 'model_checksum': None, 'delete_ckpt_after_loading': False, 'decrypted_config_file': None, 'decrypted_draft_config_file': None, 'checkpoint_engine_wait_weights_before_ready': False, 'enable_prefill_delayer': False, 'prefill_delayer_max_delay_passes': 30, 'prefill_delayer_token_usage_low_watermark': None, 'prefill_delayer_forward_passes_buckets': None, 'prefill_delayer_wait_seconds_buckets': None, 'prefill_delayer_queue_min_ratio': None, 'prefill_delayer_max_delay_ms': None, 'min_free_slots_delay': None, 'enable_deterministic_inference': False, 'rl_on_policy_target': None, 'kv_canary': 'none', 'kv_canary_real_data': 'none', 'kv_canary_sweep_interval': 0, 'enable_dynamic_batch_tokenizer': False, 'dynamic_batch_tokenizer_batch_size': 32, 'dynamic_batch_tokenizer_batch_timeout': 0.002, 'enable_tokenizer_batch_encode': False, 'disable_tokenizer_batch_decode': False, 'debug_tensor_dump_output_folder': None, 'debug_tensor_dump_layers': None, 'debug_tensor_dump_input_file': None, 'enable_memory_saver': True, 'enable_weights_cpu_backup': True, 'enable_draft_weights_cpu_backup': True, 'enable_custom_logit_processor': False, 'enable_return_hidden_states': False, 'return_hidden_states_mode': None, 'enable_return_routed_experts': False, 'enable_return_indexer_topk': False, 'disable_outlines_disk_cache': False, 'enable_mis': False, 'weight_cache_mode': 'off', 'weight_cache_socket': None, 'weight_cache_timeout': 1800, 'forward_hooks': None, 'msprobe_dump_config': None} [repeated 7x across cluster]
(SpecoSGLangHttpServer pid=729142) [2026-09-02 18:08:24] No HuggingFace chat template found [repeated 7x across cluster]
(SpecoSGLangHttpServer pid=729142) [2026-09-02 18:08:24] No chat template found, defaulting to 'string' content format [repeated 7x across cluster]
(raylet) [2026-09-02 18:08:42,291 E 727446 727478] (raylet) file_system_monitor.cc:116: /data/ray_tmp/ray/session_2026-09-02_18-02-52_158824_726500 is over 95% full, available space: 5961.07 GB; capacity: 512000 GB. Object creation will fail if spilling is required.
(raylet) [2026-09-02 18:08:52,339 E 727446 727478] (raylet) file_system_monitor.cc:116: /data/ray_tmp/ray/session_2026-09-02_18-02-52_158824_726500 is over 95% full, available space: 5961.03 GB; capacity: 512000 GB. Object creation will fail if spilling is required.
(SpecoSGLangHttpServer pid=729151) WARNING:2026-09-02 18:08:54,794:Applying verl SGLang patches in scheduler subprocess: eagle_update_weights
(SpecoSGLangHttpServer pid=729151) [2026-09-02 18:08:55] Init torch distributed begin.
(SpecoSGLangHttpServer pid=729151) [W902 18:08:56.364521397 ProcessGroupNCCL.cpp:973] Warning: TORCH_NCCL_AVOID_RECORD_STREAMS is the default now, this environment variable is thus deprecated. (function operator())
(SpecoSGLangHttpServer pid=729151) [2026-09-02 18:08:56] Init torch distributed ends. elapsed=0.49 s, mem usage=0.08 GB
(raylet) [2026-09-02 18:09:02,401 E 727446 727478] (raylet) file_system_monitor.cc:116: /data/ray_tmp/ray/session_2026-09-02_18-02-52_158824_726500 is over 95% full, available space: 5960.98 GB; capacity: 512000 GB. Object creation will fail if spilling is required.
(SpecoSGLangHttpServer pid=729144) WARNING:2026-09-02 18:08:57,130:Applying verl SGLang patches in scheduler subprocess: eagle_update_weights [repeated 7x across cluster]
(SpecoSGLangHttpServer pid=729146) [2026-09-02 18:08:57] Init torch distributed begin. [repeated 7x across cluster]
(SpecoSGLangHttpServer pid=729147) [W902 18:08:57.974201446 ProcessGroupNCCL.cpp:973] Warning: TORCH_NCCL_AVOID_RECORD_STREAMS is the default now, this environment variable is thus deprecated. (function operator()) [repeated 7x across cluster]
(SpecoSGLangHttpServer pid=729147) [2026-09-02 18:08:57] Init torch distributed ends. elapsed=0.10 s, mem usage=0.08 GB [repeated 7x across cluster]
(SpecoSGLangHttpServer pid=729143) [2026-09-02 18:09:11] Load weight begin. avail mem=77.34 GB
(SpecoSGLangHttpServer pid=729143) 
Multi-thread loading shards:   0% Completed | 0/3 [00:00<?, ?it/s]
(raylet) [2026-09-02 18:09:12,461 E 727446 727478] (raylet) file_system_monitor.cc:116: /data/ray_tmp/ray/session_2026-09-02_18-02-52_158824_726500 is over 95% full, available space: 5960.98 GB; capacity: 512000 GB. Object creation will fail if spilling is required.
(SpecoSGLangHttpServer pid=729151) [2026-09-02 18:09:11] Load weight begin. avail mem=77.34 GB [repeated 7x across cluster]
(SpecoSGLangHttpServer pid=729151) 
Multi-thread loading shards:   0% Completed | 0/3 [00:00<?, ?it/s] [repeated 7x across cluster]
(raylet) [2026-09-02 18:09:22,480 E 727446 727478] (raylet) file_system_monitor.cc:116: /data/ray_tmp/ray/session_2026-09-02_18-02-52_158824_726500 is over 95% full, available space: 5960.95 GB; capacity: 512000 GB. Object creation will fail if spilling is required.
(SpecoSGLangHttpServer pid=729145) 
Multi-thread loading shards:  33% Completed | 1/3 [00:14<00:28, 14.18s/it]
(raylet) [2026-09-02 18:09:32,524 E 727446 727478] (raylet) file_system_monitor.cc:116: /data/ray_tmp/ray/session_2026-09-02_18-02-52_158824_726500 is over 95% full, available space: 5960.95 GB; capacity: 512000 GB. Object creation will fail if spilling is required.
(SpecoSGLangHttpServer pid=729143) 
Multi-thread loading shards:  33% Completed | 1/3 [00:14<00:28, 14.34s/it] [repeated 7x across cluster]
(SpecoSGLangHttpServer pid=729145) 
Multi-thread loading shards:  67% Completed | 2/3 [00:27<00:13, 13.61s/it]
(SpecoSGLangHttpServer pid=729145) 
Multi-thread loading shards: 100% Completed | 3/3 [00:27<00:00,  7.44s/it]
Multi-thread loading shards: 100% Completed | 3/3 [00:27<00:00,  9.16s/it]
(SpecoSGLangHttpServer pid=729145) [2026-09-02 18:09:39] Load weight end. elapsed=28.01 s, type=Qwen3ForCausalLM, avail mem=69.75 GB, mem usage=7.60 GB.
(SpecoSGLangHttpServer pid=729145) [2026-09-02 18:09:39] Init torch distributed begin.
(SpecoSGLangHttpServer pid=729145) [2026-09-02 18:09:39] Init torch distributed ends. elapsed=0.00 s, mem usage=0.00 GB
(SpecoSGLangHttpServer pid=729145) [2026-09-02 18:09:39] Load weight begin. avail mem=69.73 GB
(SpecoSGLangHttpServer pid=729145) 
Multi-thread loading shards:   0% Completed | 0/1 [00:00<?, ?it/s]
(SpecoSGLangHttpServer pid=729150) 
Multi-thread loading shards:  67% Completed | 2/3 [00:28<00:14, 14.26s/it]
(raylet) [2026-09-02 18:09:42,584 E 727446 727478] (raylet) file_system_monitor.cc:116: /data/ray_tmp/ray/session_2026-09-02_18-02-52_158824_726500 is over 95% full, available space: 5960.95 GB; capacity: 512000 GB. Object creation will fail if spilling is required.
(SpecoSGLangHttpServer pid=729145) [2026-09-02 18:09:43] Initialized DFLASH draft runner. attention_backend=flashinfer, model=DFlash2DraftModel, block_size=8, draft_window_size=None, compact_cache=False
(SpecoSGLangHttpServer pid=729145) [2026-09-02 18:09:43] DFLASH draft runner ready. mask_token=<|MASK|>, mask_token_id=151669, mask_token_id_override=151669, noise_embed_scale=1.0
(SpecoSGLangHttpServer pid=729145) [2026-09-02 18:09:43] DFLASH fused KV materialization enabled. n_layers=5, num_kv_heads=8, head_dim=128
(SpecoSGLangHttpServer pid=729145) [2026-09-02 18:09:44] KV Cache is allocated. dtype: torch.bfloat16, #tokens: 190777, K size: 13.10 GB, V size: 13.10 GB
(SpecoSGLangHttpServer pid=729145) [2026-09-02 18:09:44] Memory pool end. avail mem=42.06 GB
(SpecoSGLangHttpServer pid=729145) [2026-09-02 18:09:45] KV Cache is allocated. dtype: torch.bfloat16, #tokens: 190777, K size: 1.82 GB, V size: 1.82 GB
(SpecoSGLangHttpServer pid=729145) [2026-09-02 18:09:45] Memory pool end. avail mem=38.41 GB
(SpecoSGLangHttpServer pid=729145) 
Multi-thread loading shards: 100% Completed | 1/1 [00:04<00:00,  4.03s/it]
Multi-thread loading shards: 100% Completed | 1/1 [00:04<00:00,  4.03s/it] [repeated 8x across cluster]
(SpecoSGLangHttpServer pid=729145) [2026-09-02 18:09:43] Load weight end. elapsed=4.14 s, type=DFlash2DraftModel, avail mem=68.57 GB, mem usage=1.16 GB. [repeated 8x across cluster]
(SpecoSGLangHttpServer pid=729142) [2026-09-02 18:09:40] Init torch distributed begin. [repeated 7x across cluster]
(SpecoSGLangHttpServer pid=729144) [2026-09-02 18:09:40] Init torch distributed ends. elapsed=0.00 s, mem usage=0.00 GB [repeated 7x across cluster]
(SpecoSGLangHttpServer pid=729144) [2026-09-02 18:09:40] Load weight begin. avail mem=69.73 GB [repeated 7x across cluster]
(SpecoSGLangHttpServer pid=729151) 
Multi-thread loading shards:   0% Completed | 0/1 [00:00<?, ?it/s] [repeated 7x across cluster]
(SpecoSGLangHttpServer pid=729151) 
Multi-thread loading shards:  67% Completed | 2/3 [00:28<00:14, 14.36s/it] [repeated 6x across cluster]
(SpecoSGLangHttpServer pid=729145) [2026-09-02 18:09:45] Overriding draft attention backend to flashinfer.
(SpecoSGLangHttpServer pid=729145) [2026-09-02 18:09:45] Disable prefill CUDA graph because cuda_graph_config resolved prefill.backend='disabled' (e.g. via --cuda-graph-backend-prefill=disabled or auto-disable rules).
(SpecoSGLangHttpServer pid=729145) [2026-09-02 18:09:45] Disable prefill CUDA graph because cuda_graph_config resolved prefill.backend='disabled' (e.g. via --cuda-graph-backend-prefill=disabled or auto-disable rules).
(SpecoSGLangHttpServer pid=729145) [2026-09-02 18:09:46] DFLASH sampling pre-warm: borrowing=False bs=256 peak=3851183104 B headroom=5095842816 B
(SpecoSGLangHttpServer pid=729145) [2026-09-02 18:09:46] max_total_num_tokens=190777, chunked_prefill_size=8192, max_prefill_tokens=16384, max_running_requests=1024, context_len=40960, available_gpu_mem=33.05 GB
(SpecoSGLangHttpServer pid=729145) [2026-09-02 18:09:46] Init Unified Radix Cache. Components: (<ComponentType.FULL: 0>,). Tree Core: UnifiedTreeCore
(SpecoSGLangHttpServer pid=729145) [2026-09-02 18:09:46] Tree cache initialized: source=default impl=UnifiedRadixCache hybrid_swa=False hybrid_ssm=False hicache_attached=False streaming_wrapped=False
(SpecoSGLangHttpServer pid=729145) [2026-09-02 18:09:46] Engine startup timings (s): load_weight=32.15, kv_cache_allocation=1.41, scheduler_e2e=49.41, cuda_graph={prefill=0.00, decode=0.00, target_verify=0.00, draft_prefill=0.00, draft_decode=0.00, draft_extend=0.00}, tokenizer_e2e=82.28
(SpecoSGLangHttpServer pid=729145) [2026-09-02 18:09:46] Using default chat sampling params from model generation config: {'temperature': 0.6, 'top_k': 20, 'top_p': 0.95}
(SpecoSGLangHttpServer pid=729145) [2026-09-02 18:09:46] Failed to get yes/no token IDs dynamically: 'NoneType' object has no attribute 'encode'
(SpecoSGLangHttpServer pid=729145) [2026-09-02 18:09:46] Using fallback token IDs for yes/no (9693/2152)
(SpecoSGLangHttpServer pid=729145) [2026-09-02 18:09:46] post-warmup freeze_gc failed
(SpecoSGLangHttpServer pid=729145) Traceback (most recent call last):
(SpecoSGLangHttpServer pid=729145)   File "/data/envs/speco_sgl_main/lib/python3.12/site-packages/urllib3/connection.py", line 204, in _new_conn
(SpecoSGLangHttpServer pid=729145)     sock = connection.create_connection(
(SpecoSGLangHttpServer pid=729145)            ^^^^^^^^^^^^^^^^^^^^^^^^^^^^^
(SpecoSGLangHttpServer pid=729145)   File "/data/envs/speco_sgl_main/lib/python3.12/site-packages/urllib3/util/connection.py", line 85, in create_connection
(SpecoSGLangHttpServer pid=729145)     raise err
(SpecoSGLangHttpServer pid=729145)   File "/data/envs/speco_sgl_main/lib/python3.12/site-packages/urllib3/util/connection.py", line 73, in create_connection
(SpecoSGLangHttpServer pid=729145)     sock.connect(sa)
(SpecoSGLangHttpServer pid=729145) ConnectionRefusedError: [Errno 111] Connection refused
(SpecoSGLangHttpServer pid=729145) 
(SpecoSGLangHttpServer pid=729145) The above exception was the direct cause of the following exception:
(SpecoSGLangHttpServer pid=729145) 
(SpecoSGLangHttpServer pid=729145) Traceback (most recent call last):
(SpecoSGLangHttpServer pid=729145)   File "/data/envs/speco_sgl_main/lib/python3.12/site-packages/urllib3/connectionpool.py", line 788, in urlopen
(SpecoSGLangHttpServer pid=729145)     response = self._make_request(
(SpecoSGLangHttpServer pid=729145)                ^^^^^^^^^^^^^^^^^^^
(SpecoSGLangHttpServer pid=729145)   File "/data/envs/speco_sgl_main/lib/python3.12/site-packages/urllib3/connectionpool.py", line 493, in _make_request
(SpecoSGLangHttpServer pid=729145)     conn.request(
(SpecoSGLangHttpServer pid=729145)   File "/data/envs/speco_sgl_main/lib/python3.12/site-packages/urllib3/connection.py", line 500, in request
(SpecoSGLangHttpServer pid=729145)     self.endheaders()
(SpecoSGLangHttpServer pid=729145)   File "/usr/local/lib/python3.12/http/client.py", line 1353, in endheaders
(SpecoSGLangHttpServer pid=729145)     self._send_output(message_body, encode_chunked=encode_chunked)
(SpecoSGLangHttpServer pid=729145)   File "/usr/local/lib/python3.12/http/client.py", line 1113, in _send_output
(SpecoSGLangHttpServer pid=729145)     self.send(msg)
(SpecoSGLangHttpServer pid=729145)   File "/usr/local/lib/python3.12/http/client.py", line 1057, in send
(SpecoSGLangHttpServer pid=729145)     self.connect()
(SpecoSGLangHttpServer pid=729145)   File "/data/envs/speco_sgl_main/lib/python3.12/site-packages/urllib3/connection.py", line 331, in connect
(SpecoSGLangHttpServer pid=729145)     self.sock = self._new_conn()
(SpecoSGLangHttpServer pid=729145)                 ^^^^^^^^^^^^^^^^
(SpecoSGLangHttpServer pid=729145)   File "/data/envs/speco_sgl_main/lib/python3.12/site-packages/urllib3/connection.py", line 219, in _new_conn
(SpecoSGLangHttpServer pid=729145)     raise NewConnectionError(
(SpecoSGLangHttpServer pid=729145) urllib3.exceptions.NewConnectionError: HTTPConnection(host='127.0.0.1', port=30000): Failed to establish a new connection: [Errno 111] Connection refused
(SpecoSGLangHttpServer pid=729145) 
(SpecoSGLangHttpServer pid=729145) The above exception was the direct cause of the following exception:
(SpecoSGLangHttpServer pid=729145) 
(SpecoSGLangHttpServer pid=729145) Traceback (most recent call last):
(SpecoSGLangHttpServer pid=729145)   File "/data/envs/speco_sgl_main/lib/python3.12/site-packages/requests/adapters.py", line 696, in send
(SpecoSGLangHttpServer pid=729145)     resp = conn.urlopen(
(SpecoSGLangHttpServer pid=729145)            ^^^^^^^^^^^^^
(SpecoSGLangHttpServer pid=729145)   File "/data/envs/speco_sgl_main/lib/python3.12/site-packages/urllib3/connectionpool.py", line 842, in urlopen
(SpecoSGLangHttpServer pid=729145)     retries = retries.increment(
(SpecoSGLangHttpServer pid=729145)               ^^^^^^^^^^^^^^^^^^
(SpecoSGLangHttpServer pid=729145)   File "/data/envs/speco_sgl_main/lib/python3.12/site-packages/urllib3/util/retry.py", line 543, in increment
(SpecoSGLangHttpServer pid=729145)     raise MaxRetryError(_pool, url, reason) from reason  # type: ignore[arg-type]
(SpecoSGLangHttpServer pid=729145)     ^^^^^^^^^^^^^^^^^^^^^^^^^^^^^^^^^^^^^^^^^^^^^^^^^^^
(SpecoSGLangHttpServer pid=729145) urllib3.exceptions.MaxRetryError: HTTPConnectionPool(host='127.0.0.1', port=30000): Max retries exceeded with url: /freeze_gc (Caused by NewConnectionError("HTTPConnection(host='127.0.0.1', port=30000): Failed to establish a new connection: [Errno 111] Connection refused"))
(SpecoSGLangHttpServer pid=729145) 
(SpecoSGLangHttpServer pid=729145) During handling of the above exception, another exception occurred:
(SpecoSGLangHttpServer pid=729145) 
(SpecoSGLangHttpServer pid=729145) Traceback (most recent call last):
(SpecoSGLangHttpServer pid=729145)   File "/data/sglang_main/python/sglang/srt/entrypoints/http_server.py", line 2375, in _freeze_gc_after_server_warmup
(SpecoSGLangHttpServer pid=729145)     res = requests.post(
(SpecoSGLangHttpServer pid=729145)           ^^^^^^^^^^^^^^
(SpecoSGLangHttpServer pid=729145)   File "/data/envs/speco_sgl_main/lib/python3.12/site-packages/requests/api.py", line 134, in post
(SpecoSGLangHttpServer pid=729145)     return request("post", url, data=data, json=json, **kwargs)
(SpecoSGLangHttpServer pid=729145)            ^^^^^^^^^^^^^^^^^^^^^^^^^^^^^^^^^^^^^^^^^^^^^^^^^^^^
(SpecoSGLangHttpServer pid=729145)   File "/data/envs/speco_sgl_main/lib/python3.12/site-packages/requests/api.py", line 71, in request
(SpecoSGLangHttpServer pid=729145)     return session.request(method=method, url=url, **kwargs)
(SpecoSGLangHttpServer pid=729145)            ^^^^^^^^^^^^^^^^^^^^^^^^^^^^^^^^^^^^^^^^^^^^^^^^^
(SpecoSGLangHttpServer pid=729145)   File "/data/envs/speco_sgl_main/lib/python3.12/site-packages/requests/sessions.py", line 651, in request
(SpecoSGLangHttpServer pid=729145)     resp = self.send(prep, **send_kwargs)
(SpecoSGLangHttpServer pid=729145)            ^^^^^^^^^^^^^^^^^^^^^^^^^^^^^^
(SpecoSGLangHttpServer pid=729145)   File "/data/envs/speco_sgl_main/lib/python3.12/site-packages/requests/sessions.py", line 784, in send
(SpecoSGLangHttpServer pid=729145)     r = adapter.send(request, **kwargs)
(SpecoSGLangHttpServer pid=729145)         ^^^^^^^^^^^^^^^^^^^^^^^^^^^^^^^
(SpecoSGLangHttpServer pid=729145)   File "/data/envs/speco_sgl_main/lib/python3.12/site-packages/requests/adapters.py", line 729, in send
(SpecoSGLangHttpServer pid=729145)     raise ConnectionError(e, request=request)
(SpecoSGLangHttpServer pid=729145) requests.exceptions.ConnectionError: HTTPConnectionPool(host='127.0.0.1', port=30000): Max retries exceeded with url: /freeze_gc (Caused by NewConnectionError("HTTPConnection(host='127.0.0.1', port=30000): Failed to establish a new connection: [Errno 111] Connection refused"))
(SpecoSGLangHttpServer pid=729145) [2026-09-02 18:09:46] The server is fired up and ready to roll!
(SpecoSGLangHttpServer pid=729150) 
(SpecoSGLangHttpServer pid=729150) 
(SpecoSGLangHttpServer pid=729150) 
(SpecoSGLangHttpServer pid=729150) 
(SpecoSGLangHttpServer pid=729150) 
(SpecoSGLangHttpServer pid=729150) 
(SpecoSGLangHttpServer pid=729151) 
(SpecoSGLangHttpServer pid=729151) 
(SpecoSGLangHttpServer pid=729151) 
(SpecoSGLangHttpServer pid=729151) 
(SpecoSGLangHttpServer pid=729151) 
(SpecoSGLangHttpServer pid=729151) 
(SpecoSGLangHttpServer pid=729143) 
(SpecoSGLangHttpServer pid=729143) 
(SpecoSGLangHttpServer pid=729143) 
(SpecoSGLangHttpServer pid=729143) 
(SpecoSGLangHttpServer pid=729143) 
(SpecoSGLangHttpServer pid=729143) 
(SpecoSGLangHttpServer pid=729146) 
(SpecoSGLangHttpServer pid=729146) 
(SpecoSGLangHttpServer pid=729146) 
(SpecoSGLangHttpServer pid=729146) 
(SpecoSGLangHttpServer pid=729146) 
(SpecoSGLangHttpServer pid=729146) 
(SpecoSGLangHttpServer pid=729142) 
(SpecoSGLangHttpServer pid=729142) 
(SpecoSGLangHttpServer pid=729142) 
(SpecoSGLangHttpServer pid=729142) 
(SpecoSGLangHttpServer pid=729142) 
(SpecoSGLangHttpServer pid=729142) 
(SpecoSGLangHttpServer pid=729147) 
(SpecoSGLangHttpServer pid=729147) 
(SpecoSGLangHttpServer pid=729147) 
(SpecoSGLangHttpServer pid=729147) 
(SpecoSGLangHttpServer pid=729147) 
(SpecoSGLangHttpServer pid=729147) 
(SpecoTaskRunner pid=727725) WARNING:2026-09-02 18:09:47,500:SPECO AgentLoopManager bridge active for SGLang rollout: worker_class=SpecoAgentLoopWorker rollout_replica_class=SpecoSGLangReplica
(SpecoTaskRunner pid=727725) LLMServerManager: ['10.0.0.1:32825', '10.0.0.1:45221', '10.0.0.1:39841', '10.0.0.1:33431', '10.0.0.1:41555', '10.0.0.1:39345', '10.0.0.1:40399', '10.0.0.1:40321']
(SpecoSGLangHttpServer pid=729147) SGLang http server: rollout_mode=<RolloutMode.HYBRID: 'hybrid'>, replica_rank=4, node_rank=0, nnodes=1, cuda_visible_devices='4', role=null [repeated 7x across cluster]
(SpecoSGLangHttpServer pid=729144) 
(SpecoSGLangHttpServer pid=729144) 
(SpecoSGLangHttpServer pid=729144) 
(SpecoSGLangHttpServer pid=729144) 
(SpecoSGLangHttpServer pid=729144) 
(SpecoSGLangHttpServer pid=729144) 
(SpecoSGLangHttpServer pid=729143) [2026-09-02 18:09:48] Cache flushed successfully!
(raylet) [2026-09-02 18:09:52,601 E 727446 727478] (raylet) file_system_monitor.cc:116: /data/ray_tmp/ray/session_2026-09-02_18-02-52_158824_726500 is over 95% full, available space: 5960.94 GB; capacity: 512000 GB. Object creation will fail if spilling is required.
(SpecoSGLangHttpServer pid=729151) [2026-09-02 18:09:45] Initialized DFLASH draft runner. attention_backend=flashinfer, model=DFlash2DraftModel, block_size=8, draft_window_size=None, compact_cache=False [repeated 7x across cluster]
(SpecoSGLangHttpServer pid=729151) [2026-09-02 18:09:45] DFLASH draft runner ready. mask_token=<|MASK|>, mask_token_id=151669, mask_token_id_override=151669, noise_embed_scale=1.0 [repeated 7x across cluster]
(SpecoSGLangHttpServer pid=729151) [2026-09-02 18:09:45] DFLASH fused KV materialization enabled. n_layers=5, num_kv_heads=8, head_dim=128 [repeated 7x across cluster]
(SpecoSGLangHttpServer pid=729146) [2026-09-02 18:09:46] KV Cache is allocated. dtype: torch.bfloat16, #tokens: 190777, K size: 1.82 GB, V size: 1.82 GB [repeated 14x across cluster]
(SpecoSGLangHttpServer pid=729146) [2026-09-02 18:09:46] Memory pool end. avail mem=38.41 GB [repeated 14x across cluster]
(SpecoSGLangHttpServer pid=729147) 
Multi-thread loading shards: 100% Completed | 1/1 [00:04<00:00,  4.44s/it]
Multi-thread loading shards: 100% Completed | 1/1 [00:04<00:00,  4.44s/it] [repeated 7x across cluster]
(SpecoSGLangHttpServer pid=729151) [2026-09-02 18:09:45] Load weight end. elapsed=4.50 s, type=DFlash2DraftModel, avail mem=68.57 GB, mem usage=1.16 GB. [repeated 7x across cluster]
(SpecoSGLangHttpServer pid=729147) [2026-09-02 18:09:46] Overriding draft attention backend to flashinfer. [repeated 7x across cluster]
(SpecoSGLangHttpServer pid=729147) [2026-09-02 18:09:46] Disable prefill CUDA graph because cuda_graph_config resolved prefill.backend='disabled' (e.g. via --cuda-graph-backend-prefill=disabled or auto-disable rules). [repeated 14x across cluster]
(SpecoSGLangHttpServer pid=729144) [2026-09-02 18:09:47] DFLASH sampling pre-warm: borrowing=False bs=256 peak=3851183104 B headroom=5095842816 B [repeated 7x across cluster]
(SpecoSGLangHttpServer pid=729144) [2026-09-02 18:09:47] max_total_num_tokens=190777, chunked_prefill_size=8192, max_prefill_tokens=16384, max_running_requests=1024, context_len=40960, available_gpu_mem=33.05 GB [repeated 7x across cluster]
(SpecoSGLangHttpServer pid=729144) [2026-09-02 18:09:47] Init Unified Radix Cache. Components: (<ComponentType.FULL: 0>,). Tree Core: UnifiedTreeCore [repeated 7x across cluster]
(SpecoSGLangHttpServer pid=729144) [2026-09-02 18:09:47] Tree cache initialized: source=default impl=UnifiedRadixCache hybrid_swa=False hybrid_ssm=False hicache_attached=False streaming_wrapped=False [repeated 7x across cluster]
(SpecoSGLangHttpServer pid=729144) [2026-09-02 18:09:47] Engine startup timings (s): load_weight=34.13, kv_cache_allocation=1.37, scheduler_e2e=50.08, cuda_graph={prefill=0.00, decode=0.00, target_verify=0.00, draft_prefill=0.00, draft_decode=0.00, draft_extend=0.00}, tokenizer_e2e=83.45 [repeated 7x across cluster]
(SpecoSGLangHttpServer pid=729144) [2026-09-02 18:09:47] Using default chat sampling params from model generation config: {'temperature': 0.6, 'top_k': 20, 'top_p': 0.95} [repeated 7x across cluster]
(SpecoSGLangHttpServer pid=729144) [2026-09-02 18:09:47] Failed to get yes/no token IDs dynamically: 'NoneType' object has no attribute 'encode' [repeated 7x across cluster]
(SpecoSGLangHttpServer pid=729144) [2026-09-02 18:09:47] Using fallback token IDs for yes/no (9693/2152) [repeated 7x across cluster]
(SpecoSGLangHttpServer pid=729144) [2026-09-02 18:09:47] post-warmup freeze_gc failed [repeated 7x across cluster]
(SpecoSGLangHttpServer pid=729144) Traceback (most recent call last): [repeated 28x across cluster]
(SpecoSGLangHttpServer pid=729144)   File "/data/envs/speco_sgl_main/lib/python3.12/site-packages/urllib3/connection.py", line 219, in _new_conn [repeated 14x across cluster]
(SpecoSGLangHttpServer pid=729144)     sock = connection.create_connection( [repeated 7x across cluster]
(SpecoSGLangHttpServer pid=729144)            ^^^^^^^^^^^^^^^^^^^^^^^^^^^^^ [repeated 7x across cluster]
(SpecoSGLangHttpServer pid=729144)   File "/data/envs/speco_sgl_main/lib/python3.12/site-packages/urllib3/util/connection.py", line 73, in create_connection [repeated 14x across cluster]
(SpecoSGLangHttpServer pid=729144)     raise err [repeated 7x across cluster]
(SpecoSGLangHttpServer pid=729144)     sock.connect(sa) [repeated 7x across cluster]
(SpecoSGLangHttpServer pid=729144) ConnectionRefusedError: [Errno 111] Connection refused [repeated 7x across cluster]
(SpecoSGLangHttpServer pid=729144) The above exception was the direct cause of the following exception: [repeated 14x across cluster]
(SpecoSGLangHttpServer pid=729144)   File "/data/envs/speco_sgl_main/lib/python3.12/site-packages/urllib3/connectionpool.py", line 842, in urlopen [repeated 14x across cluster]
(SpecoSGLangHttpServer pid=729144)     response = self._make_request( [repeated 7x across cluster]
(SpecoSGLangHttpServer pid=729144)                ^^^^^^^^^^^^^^^^^^^ [repeated 7x across cluster]
(SpecoSGLangHttpServer pid=729144)   File "/data/envs/speco_sgl_main/lib/python3.12/site-packages/urllib3/connectionpool.py", line 493, in _make_request [repeated 7x across cluster]
(SpecoSGLangHttpServer pid=729144)     conn.request( [repeated 7x across cluster]
(SpecoSGLangHttpServer pid=729144)   File "/data/envs/speco_sgl_main/lib/python3.12/site-packages/requests/sessions.py", line 651, in request [repeated 21x across cluster]
(SpecoSGLangHttpServer pid=729144)     self.endheaders() [repeated 7x across cluster]
(SpecoSGLangHttpServer pid=729144)   File "/usr/local/lib/python3.12/http/client.py", line 1353, in endheaders [repeated 7x across cluster]
(SpecoSGLangHttpServer pid=729144)     self._send_output(message_body, encode_chunked=encode_chunked) [repeated 7x across cluster]
(SpecoSGLangHttpServer pid=729144)   File "/usr/local/lib/python3.12/http/client.py", line 1113, in _send_output [repeated 7x across cluster]
(SpecoSGLangHttpServer pid=729144)     self.send(msg) [repeated 7x across cluster]
(SpecoSGLangHttpServer pid=729144)   File "/data/envs/speco_sgl_main/lib/python3.12/site-packages/requests/adapters.py", line 729, in send [repeated 28x across cluster]
(SpecoSGLangHttpServer pid=729144)     self.connect() [repeated 7x across cluster]
(SpecoSGLangHttpServer pid=729144)   File "/data/envs/speco_sgl_main/lib/python3.12/site-packages/urllib3/connection.py", line 331, in connect [repeated 7x across cluster]
(SpecoSGLangHttpServer pid=729144)     self.sock = self._new_conn() [repeated 7x across cluster]
(SpecoSGLangHttpServer pid=729144)                 ^^^^^^^^^^^^^^^^ [repeated 7x across cluster]
(SpecoSGLangHttpServer pid=729144)     raise NewConnectionError( [repeated 7x across cluster]
(SpecoSGLangHttpServer pid=729144) urllib3.exceptions.NewConnectionError: HTTPConnection(host='127.0.0.1', port=30000): Failed to establish a new connection: [Errno 111] Connection refused [repeated 7x across cluster]
(SpecoSGLangHttpServer pid=729144)     resp = conn.urlopen( [repeated 7x across cluster]
(SpecoSGLangHttpServer pid=729144)            ^^^^^^^^^^^^^ [repeated 7x across cluster]
(SpecoSGLangHttpServer pid=729144)     retries = retries.increment( [repeated 7x across cluster]
(SpecoSGLangHttpServer pid=729144)               ^^^^^^^^^^^^^^^^^^ [repeated 7x across cluster]
(SpecoSGLangHttpServer pid=729144)   File "/data/envs/speco_sgl_main/lib/python3.12/site-packages/urllib3/util/retry.py", line 543, in increment [repeated 7x across cluster]
(SpecoSGLangHttpServer pid=729144)     raise MaxRetryError(_pool, url, reason) from reason  # type: ignore[arg-type] [repeated 7x across cluster]
(SpecoSGLangHttpServer pid=729144)     ^^^^^^^^^^^^^^^^^^^^^^^^^^^^^^^^^^^^^^^^^^^^^^^^^^^ [repeated 7x across cluster]
(SpecoSGLangHttpServer pid=729144) urllib3.exceptions.MaxRetryError: HTTPConnectionPool(host='127.0.0.1', port=30000): Max retries exceeded with url: /freeze_gc (Caused by NewConnectionError("HTTPConnection(host='127.0.0.1', port=30000): Failed to establish a new connection: [Errno 111] Connection refused")) [repeated 7x across cluster]
(SpecoSGLangHttpServer pid=729144) During handling of the above exception, another exception occurred: [repeated 7x across cluster]
(SpecoSGLangHttpServer pid=729144)   File "/data/sglang_main/python/sglang/srt/entrypoints/http_server.py", line 2375, in _freeze_gc_after_server_warmup [repeated 7x across cluster]
(SpecoSGLangHttpServer pid=729144)     res = requests.post( [repeated 7x across cluster]
(SpecoSGLangHttpServer pid=729144)           ^^^^^^^^^^^^^^ [repeated 7x across cluster]
(SpecoSGLangHttpServer pid=729144)   File "/data/envs/speco_sgl_main/lib/python3.12/site-packages/requests/api.py", line 134, in post [repeated 7x across cluster]
(SpecoSGLangHttpServer pid=729144)     return request("post", url, data=data, json=json, **kwargs) [repeated 7x across cluster]
(SpecoSGLangHttpServer pid=729144)            ^^^^^^^^^^^^^^^^^^^^^^^^^^^^^^^^^^^^^^^^^^^^^^^^^^^^ [repeated 7x across cluster]
(SpecoSGLangHttpServer pid=729144)     return session.request(method=method, url=url, **kwargs) [repeated 7x across cluster]
(SpecoSGLangHttpServer pid=729144)            ^^^^^^^^^^^^^^^^^^^^^^^^^^^^^^^^^^^^^^^^^^^^^^^^^ [repeated 7x across cluster]
(SpecoSGLangHttpServer pid=729144)     resp = self.send(prep, **send_kwargs) [repeated 7x across cluster]
(SpecoSGLangHttpServer pid=729144)            ^^^^^^^^^^^^^^^^^^^^^^^^^^^^^^ [repeated 7x across cluster]
(SpecoSGLangHttpServer pid=729144)     r = adapter.send(request, **kwargs) [repeated 7x across cluster]
(SpecoSGLangHttpServer pid=729144)         ^^^^^^^^^^^^^^^^^^^^^^^^^^^^^^^ [repeated 7x across cluster]
(SpecoSGLangHttpServer pid=729144)     raise ConnectionError(e, request=request) [repeated 7x across cluster]
(SpecoSGLangHttpServer pid=729144) requests.exceptions.ConnectionError: HTTPConnectionPool(host='127.0.0.1', port=30000): Max retries exceeded with url: /freeze_gc (Caused by NewConnectionError("HTTPConnection(host='127.0.0.1', port=30000): Failed to establish a new connection: [Errno 111] Connection refused")) [repeated 7x across cluster]
(SpecoSGLangHttpServer pid=729144) [2026-09-02 18:09:47] The server is fired up and ready to roll! [repeated 7x across cluster]
(SpecoSGLangHttpServer pid=729150) [2026-09-02 18:09:48] Cache flushed successfully! [repeated 7x across cluster]
(raylet) [2026-09-02 18:10:02,636 E 727446 727478] (raylet) file_system_monitor.cc:116: /data/ray_tmp/ray/session_2026-09-02_18-02-52_158824_726500 is over 95% full, available space: 5960.91 GB; capacity: 512000 GB. Object creation will fail if spilling is required.
(SpecoAgentLoopWorker pid=730955) WARNING:2026-09-02 18:10:08,786:Installed SPECO agent-loop runtime patch.
(SpecoAgentLoopWorker pid=730955) Using dataset class: RLHFDataset
(raylet) [2026-09-02 18:10:12,648 E 727446 727478] (raylet) file_system_monitor.cc:116: /data/ray_tmp/ray/session_2026-09-02_18-02-52_158824_726500 is over 95% full, available space: 5960.91 GB; capacity: 512000 GB. Object creation will fail if spilling is required.
(SpecoAgentLoopWorker pid=730956) WARNING:2026-09-02 18:10:10,278:Installed SPECO agent-loop runtime patch. [repeated 7x across cluster]
(raylet) [2026-09-02 18:10:22,739 E 727446 727478] (raylet) file_system_monitor.cc:116: /data/ray_tmp/ray/session_2026-09-02_18-02-52_158824_726500 is over 95% full, available space: 5960.91 GB; capacity: 512000 GB. Object creation will fail if spilling is required.
(raylet) [2026-09-02 18:10:32,822 E 727446 727478] (raylet) file_system_monitor.cc:116: /data/ray_tmp/ray/session_2026-09-02_18-02-52_158824_726500 is over 95% full, available space: 5960.84 GB; capacity: 512000 GB. Object creation will fail if spilling is required.
(SpecoWorker pid=731472) WARNING:2026-09-02 18:10:36,513:DFlash draft checkpoint load report from /data/models/Qwen3-4B-DFlash2: loaded=82 missing=[] unexpected=['lm_head.weight'] mismatched=[]
(raylet) [2026-09-02 18:10:42,912 E 727446 727478] (raylet) file_system_monitor.cc:116: /data/ray_tmp/ray/session_2026-09-02_18-02-52_158824_726500 is over 95% full, available space: 5960.84 GB; capacity: 512000 GB. Object creation will fail if spilling is required.
(SpecoWorker pid=731468) WARNING:2026-09-02 18:10:36,611:DFlash draft checkpoint load report from /data/models/Qwen3-4B-DFlash2: loaded=82 missing=[] unexpected=['lm_head.weight'] mismatched=[] [repeated 7x across cluster]
(SpecoWorker pid=731464) NCCL version 2.29.7+cuda13.2
(SpecoAgentLoopWorker pid=730956) Using dataset class: RLHFDataset [repeated 7x across cluster]
(SpecoTaskRunner pid=727725) Checkpoint tracker file does not exist: /data/runs/speco_dflash2_cotrain/sgl_smoke/ckpt/latest_checkpointed_iteration.txt
(SpecoTaskRunner pid=727725) Training from scratch
(WorkerDict pid=728171) /data/verl_speco_vllm028/verl/utils/device.py:146: FutureWarning: torch.cuda._set_allocator_settings is deprecated. Use torch._C._accelerator_setAllocatorSettings instead.
(WorkerDict pid=728171)   torch.cuda.memory._set_allocator_settings(f"expandable_segments:{enable}")
(raylet) [2026-09-02 18:10:52,994 E 727446 727478] (raylet) file_system_monitor.cc:116: /data/ray_tmp/ray/session_2026-09-02_18-02-52_158824_726500 is over 95% full, available space: 5960.84 GB; capacity: 512000 GB. Object creation will fail if spilling is required.
(SpecoSGLangHttpServer pid=729146) [2026-09-02 18:10:54] Cache flushed successfully!
(SpecoSGLangHttpServer pid=729143) /data/envs/speco_sgl_main/lib/python3.12/site-packages/fastapi/routing.py:352: FastAPIDeprecationWarning: ORJSONResponse is deprecated, FastAPI now serializes data directly to JSON bytes via Pydantic when a return type or response model is set, which is faster and doesn't need a custom response class. Read more in the FastAPI docs: https://fastapi.tiangolo.com/advanced/custom-response/#orjson-or-response-model and https://fastapi.tiangolo.com/tutorial/response-model/
(SpecoSGLangHttpServer pid=729143)   return await dependant.call(**values)
(WorkerDict pid=728171) WARNING:2026-09-02 18:10:55,596:[speco sglang target update] done global_steps=0 buckets=5 elapsed_sec=1.330
(SpecoSGLangHttpServer pid=729143) [2026-09-02 18:10:55] Parameter lm_head.weight not found in params_dict
(SpecoTaskRunner pid=727725) 
Training Progress:   0%|          | 0/8 [00:00<?, ?it/s]
(WorkerDict pid=728175) /data/verl_speco_vllm028/verl/utils/device.py:146: FutureWarning: torch.cuda._set_allocator_settings is deprecated. Use torch._C._accelerator_setAllocatorSettings instead. [repeated 7x across cluster]
(WorkerDict pid=728175)   torch.cuda.memory._set_allocator_settings(f"expandable_segments:{enable}") [repeated 7x across cluster]
(raylet) [2026-09-02 18:11:03,002 E 727446 727478] (raylet) file_system_monitor.cc:116: /data/ray_tmp/ray/session_2026-09-02_18-02-52_158824_726500 is over 95% full, available space: 5960.79 GB; capacity: 512000 GB. Object creation will fail if spilling is required.
(SpecoSGLangHttpServer pid=729151) [2026-09-02 18:10:55] Cache flushed successfully! [repeated 15x across cluster]
(SpecoSGLangHttpServer pid=729151) /data/envs/speco_sgl_main/lib/python3.12/site-packages/fastapi/routing.py:352: FastAPIDeprecationWarning: ORJSONResponse is deprecated, FastAPI now serializes data directly to JSON bytes via Pydantic when a return type or response model is set, which is faster and doesn't need a custom response class. Read more in the FastAPI docs: https://fastapi.tiangolo.com/advanced/custom-response/#orjson-or-response-model and https://fastapi.tiangolo.com/tutorial/response-model/ [repeated 7x across cluster]
(SpecoSGLangHttpServer pid=729151)   return await dependant.call(**values) [repeated 7x across cluster]
(WorkerDict pid=728175) WARNING:2026-09-02 18:10:55,597:[speco sglang target update] done global_steps=0 buckets=5 elapsed_sec=1.466 [repeated 7x across cluster]
(SpecoSGLangHttpServer pid=729151) [2026-09-02 18:10:55] Parameter lm_head.weight not found in params_dict [repeated 7x across cluster]
(SpecoSGLangHttpServer pid=729143) [2026-09-02 18:11:08] Prefill batch, #new-seq: 1, #new-token: 168, #cached-token: 0, token usage: 0.01, #running-req: 0, #queue-req: 0, #pending-token: 0, cuda graph: False, input throughput (token/s): 2.06
(raylet) [2026-09-02 18:11:13,008 E 727446 727478] (raylet) file_system_monitor.cc:116: /data/ray_tmp/ray/session_2026-09-02_18-02-52_158824_726500 is over 95% full, available space: 5960.79 GB; capacity: 512000 GB. Object creation will fail if spilling is required.
(SpecoSGLangHttpServer pid=729143) [2026-09-02 18:11:17] Prefill batch, #new-seq: 7, #new-token: 1172, #cached-token: 0, token usage: 0.00, #running-req: 1, #queue-req: 0, #pending-token: 0, cuda graph: False, input throughput (token/s): 130.17 [repeated 8x across cluster]
(SpecoSGLangHttpServer pid=729151) [2026-09-02 18:11:20] Decode batch, #running-req: 8, #token: 2133, token usage: 0.01, accept len: 3.89, accept rate: 0.41, cuda graph: False, gen throughput (token/s): 13.34, #queue-req: 0
(raylet) [2026-09-02 18:11:23,035 E 727446 727478] (raylet) file_system_monitor.cc:116: /data/ray_tmp/ray/session_2026-09-02_18-02-52_158824_726500 is over 95% full, available space: 5960.79 GB; capacity: 512000 GB. Object creation will fail if spilling is required.
(SpecoSGLangHttpServer pid=729146) [2026-09-02 18:11:17] Prefill batch, #new-seq: 7, #new-token: 1188, #cached-token: 0, token usage: 0.00, #running-req: 1, #queue-req: 0, #pending-token: 0, cuda graph: False, input throughput (token/s): 130.65 [repeated 7x across cluster]
(SpecoSGLangHttpServer pid=729146) [2026-09-02 18:11:25] Decode batch, #running-req: 4, #token: 2281, token usage: 0.01, accept len: 3.57, accept rate: 0.37, cuda graph: False, gen throughput (token/s): 301.92, #queue-req: 0 [repeated 16x across cluster]
(SpecoSGLangHttpServer pid=729143) [2026-09-02 18:11:30] Decode batch, #running-req: 3, #token: 2938, token usage: 0.02, accept len: 4.92, accept rate: 0.56, cuda graph: False, gen throughput (token/s): 243.75, #queue-req: 0 [repeated 18x across cluster]
(raylet) [2026-09-02 18:11:33,085 E 727446 727478] (raylet) file_system_monitor.cc:116: /data/ray_tmp/ray/session_2026-09-02_18-02-52_158824_726500 is over 95% full, available space: 5960.76 GB; capacity: 512000 GB. Object creation will fail if spilling is required.
(SpecoSGLangHttpServer pid=729150) [2026-09-02 18:11:36] Decode batch, #running-req: 1, #token: 1241, token usage: 0.01, accept len: 3.75, accept rate: 0.39, cuda graph: False, gen throughput (token/s): 62.62, #queue-req: 0 [repeated 16x across cluster]
(SpecoSGLangHttpServer pid=729143) [2026-09-02 18:11:36] Cache flushed successfully!
(SpecoTaskRunner pid=727725) W0902 18:11:41.371000 727725 torch/fx/_symbolic_trace.py:56] is_fx_tracing will return true for both fx.symbolic_trace and torch.export. Please use is_fx_tracing_symbolic_tracing() for specifically fx.symbolic_trace or torch.compiler.is_compiling() for specifically torch.export/compile.
(SpecoSGLangHttpServer pid=729151) [2026-09-02 18:11:36] Cache flushed successfully! [repeated 7x across cluster]
(raylet) [2026-09-02 18:11:43,106 E 727446 727478] (raylet) file_system_monitor.cc:116: /data/ray_tmp/ray/session_2026-09-02_18-02-52_158824_726500 is over 95% full, available space: 5960.71 GB; capacity: 512000 GB. Object creation will fail if spilling is required.
(WorkerDict pid=728175) [rank5]:W0902 18:11:42.672000 728175 torch/fx/_symbolic_trace.py:56] is_fx_tracing will return true for both fx.symbolic_trace and torch.export. Please use is_fx_tracing_symbolic_tracing() for specifically fx.symbolic_trace or torch.compiler.is_compiling() for specifically torch.export/compile. [repeated 8x across cluster]
(raylet) [2026-09-02 18:11:53,188 E 727446 727478] (raylet) file_system_monitor.cc:116: /data/ray_tmp/ray/session_2026-09-02_18-02-52_158824_726500 is over 95% full, available space: 5960.68 GB; capacity: 512000 GB. Object creation will fail if spilling is required.
(raylet) [2026-09-02 18:12:03,268 E 727446 727478] (raylet) file_system_monitor.cc:116: /data/ray_tmp/ray/session_2026-09-02_18-02-52_158824_726500 is over 95% full, available space: 5960.68 GB; capacity: 512000 GB. Object creation will fail if spilling is required.
(WorkerDict pid=728171) /data/verl_speco_vllm028/verl/utils/device.py:146: FutureWarning: torch.cuda._set_allocator_settings is deprecated. Use torch._C._accelerator_setAllocatorSettings instead.
(WorkerDict pid=728171)   torch.cuda.memory._set_allocator_settings(f"expandable_segments:{enable}")
(SpecoSGLangHttpServer pid=729147) [2026-09-02 18:12:06] Cache flushed successfully!
(WorkerDict pid=728171) WARNING:2026-09-02 18:12:07,805:[speco sglang target update] done global_steps=1 buckets=5 elapsed_sec=1.544
(SpecoSGLangHttpServer pid=729143) [2026-09-02 18:12:07] Parameter lm_head.weight not found in params_dict
(SpecoTaskRunner pid=727725) 
Training Progress:  12%|█▎        | 1/8 [01:12<08:26, 72.30s/it]
(SpecoTaskRunner pid=727725) step:1 - global_seqlen/min:3450 - global_seqlen/max:9692 - global_seqlen/minmax_diff:6242 - global_seqlen/balanced_min:5750 - global_seqlen/balanced_max:5756 - global_seqlen/mean:5753.375 - actor/entropy:0.0 - perf/mfu/actor_infer:0.07413233475557766 - actor/pg_clipfrac:np.float64(0.0) - actor/ppo_kl:np.float64(0.0) - actor/pg_clipfrac_lower:np.float64(0.0) - actor/pg_loss:np.float64(-0.020582006603945047) - actor/kl_loss:np.float64(0.0) - actor/kl_coef:np.float64(0.001) - actor/loss:np.float64(-0.020582005381584167) - actor/grad_norm:np.float64(0.9823285937309265) - actor/lr:np.float64(1e-06) - actor/perf/max_memory_allocated_gb:np.float64(9.49772310256958) - actor/perf/max_memory_reserved_gb:np.float64(14.28515625) - actor/perf/cpu_memory_used_gb:np.float64(303.91612243652344) - perf/mfu/actor:np.float64(0.04236099308300094) - drafter/raw_drafter_samples:np.float64(0.0) - drafter/collected_samples:np.float64(0.0) - drafter/collect_interval_matched:np.float64(1.0) - drafter/collection_plan_used:np.float64(1.0) - drafter/collection_plan_collect:np.float64(0.0) - drafter/collection_plan_reason:np.float64(5.0) - drafter/collection_plan_source:np.float64(2.0) - drafter/collection_plan_interval_matched:np.float64(1.0) - drafter/collection_plan_training_interval_matched:np.float64(0.0) - drafter/scheduler_used:np.float64(1.0) - drafter/schedule_launch:np.float64(0.0) - drafter/schedule_interval_matched:np.float64(0.0) - drafter/schedule_strategy:np.float64(0.0) - drafter/schedule_reason:np.float64(2.0) - drafter/target_lm_head_synced:np.float64(0.0) - drafter/train_interval_matched:np.float64(0.0) - drafter/trained:np.float64(0.0) - drafter/train_successful_steps_max:np.int64(0) - drafter/train_no_trainable_batch:np.float64(0.0) - drafter/train_activation_failed:np.float64(0.0) - drafter/runtime_state:np.float64(0.0) - drafter/runtime_completed_batches:np.float64(0.0) - drafter/runtime_inflight:np.float64(0.0) - drafter/publish_attempted:np.float64(0.0) - drafter/published:np.float64(0.0) - timing_s/drafter_outer_unaccounted:np.float64(0.002348475158214569) - training/global_step:1 - training/epoch:0 - critic/score/mean:0.171875 - critic/score/max:1.0 - critic/score/min:0.0 - critic/rewards/mean:0.171875 - critic/rewards/max:1.0 - critic/rewards/min:0.0 - critic/advantages/mean:0.020582012832164764 - critic/advantages/max:1.4999970197677612 - critic/advantages/min:-0.8660238981246948 - critic/returns/mean:0.020582012832164764 - critic/returns/max:1.4999970197677612 - critic/returns/min:-0.8660238981246948 - response_length/mean:546.734375 - response_length/max:1024.0 - response_length/min:198.0 - response_length/clip_ratio:0.234375 - response_length_non_aborted/mean:546.734375 - response_length_non_aborted/max:1024.0 - response_length_non_aborted/min:198.0 - response_length_non_aborted/clip_ratio:0.234375 - response/aborted_ratio:0.0 - prompt_length/mean:172.4375 - prompt_length/max:231.0 - prompt_length/min:142.0 - prompt_length/clip_ratio:0.0 - num_turns/min:np.int32(2) - num_turns/max:np.int32(2) - num_turns/mean:np.float64(2.0) - timing_s/start_profile:9.010732173919678e-05 - timing_s/agent_loop/num_preempted/min:np.int64(-1) - timing_s/agent_loop/num_preempted/max:np.int64(-1) - timing_s/agent_loop/num_preempted/mean:np.float64(-1.0) - timing_s/agent_loop/generate_sequences/min:np.float64(24.04683133214712) - timing_s/agent_loop/generate_sequences/max:np.float64(39.41421441733837) - timing_s/agent_loop/generate_sequences/mean:np.float64(29.850183883914724) - timing_s/agent_loop/tool_calls/min:np.float64(0.0) - timing_s/agent_loop/tool_calls/max:np.float64(0.0) - timing_s/agent_loop/tool_calls/mean:np.float64(0.0) - timing_s/agent_loop/compute_score/min:np.float64(0.007016114890575409) - timing_s/agent_loop/compute_score/max:np.float64(0.025086499750614166) - timing_s/agent_loop/compute_score/mean:np.float64(0.011423615273088217) - timing_s/agent_loop/slowest/generate_sequences:np.float64(39.41421441733837) - timing_s/agent_loop/slowest/tool_calls:np.float64(0.0) - timing_s/agent_loop/slowest/compute_score:np.float64(0.010600060224533081) - timing_s/agent_loop/slowest/num_preempted:np.int64(-1) - timing_s/agent_loop/slowest/prompt_length:211 - timing_s/agent_loop/slowest/response_length:1024 - timing_s/gen:44.542254246771336 - timing_s/reward:2.3253262042999268e-05 - timing_s/old_log_prob:4.451411493122578 - timing_s/ref:1.2673072069883347 - timing_s/adv:0.0026698559522628784 - timing_s/update_actor:17.275456123054028 - timing_s/drafter:0.002348475158214569 - timing_s/update_weights:4.726364992558956 - timing_s/step:72.28599882125854 - timing_s/stop_profile:0.00010547786951065063 - timing_per_token_ms/adv:5.8006299612463955e-05 - timing_per_token_ms/ref:0.027533995415480798 - timing_per_token_ms/gen:1.2729631690083545 - timing_per_token_ms/update_actor:0.3753330897745677 - perf/total_num_tokens:46027 - perf/time_per_step:72.28599882125854 - perf/throughput:79.59183097443753
(SpecoSGLangHttpServer pid=729143) [2026-09-02 18:12:09] Prefill batch, #new-seq: 1, #new-token: 171, #cached-token: 0, token usage: 0.01, #running-req: 0, #queue-req: 0, #pending-token: 0, cuda graph: False, input throughput (token/s): 3.33
(WorkerDict pid=728175) /data/verl_speco_vllm028/verl/utils/device.py:146: FutureWarning: torch.cuda._set_allocator_settings is deprecated. Use torch._C._accelerator_setAllocatorSettings instead. [repeated 7x across cluster]
(WorkerDict pid=728175)   torch.cuda.memory._set_allocator_settings(f"expandable_segments:{enable}") [repeated 7x across cluster]
(SpecoSGLangHttpServer pid=729144) [2026-09-02 18:12:11] Decode batch, #running-req: 8, #token: 2052, token usage: 0.01, accept len: 4.00, accept rate: 0.43, cuda graph: False, gen throughput (token/s): 33.62, #queue-req: 0
(SpecoSGLangHttpServer pid=729151) [2026-09-02 18:12:07] Cache flushed successfully! [repeated 15x across cluster]
(raylet) [2026-09-02 18:12:13,367 E 727446 727478] (raylet) file_system_monitor.cc:116: /data/ray_tmp/ray/session_2026-09-02_18-02-52_158824_726500 is over 95% full, available space: 5960.68 GB; capacity: 512000 GB. Object creation will fail if spilling is required.
(WorkerDict pid=728175) WARNING:2026-09-02 18:12:07,822:[speco sglang target update] done global_steps=1 buckets=5 elapsed_sec=1.390 [repeated 7x across cluster]
(SpecoSGLangHttpServer pid=729151) [2026-09-02 18:12:07] Parameter lm_head.weight not found in params_dict [repeated 7x across cluster]
(SpecoSGLangHttpServer pid=729151) [2026-09-02 18:12:09] Prefill batch, #new-seq: 7, #new-token: 1225, #cached-token: 0, token usage: 0.00, #running-req: 1, #queue-req: 0, #pending-token: 0, cuda graph: False, input throughput (token/s): 18126.52 [repeated 15x across cluster]
(SpecoSGLangHttpServer pid=729143) [2026-09-02 18:12:16] Decode batch, #running-req: 2, #token: 1319, token usage: 0.01, accept len: 4.60, accept rate: 0.51, cuda graph: False, gen throughput (token/s): 460.27, #queue-req: 0 [repeated 21x across cluster]
(raylet) [2026-09-02 18:12:23,390 E 727446 727478] (raylet) file_system_monitor.cc:116: /data/ray_tmp/ray/session_2026-09-02_18-02-52_158824_726500 is over 95% full, available space: 5960.67 GB; capacity: 512000 GB. Object creation will fail if spilling is required.
(SpecoSGLangHttpServer pid=729146) [2026-09-02 18:12:21] Decode batch, #running-req: 1, #token: 1011, token usage: 0.01, accept len: 4.42, accept rate: 0.49, cuda graph: False, gen throughput (token/s): 73.46, #queue-req: 0 [repeated 17x across cluster]
(SpecoSGLangHttpServer pid=729143) [2026-09-02 18:12:27] Cache flushed successfully!
(raylet) [2026-09-02 18:12:33,414 E 727446 727478] (raylet) file_system_monitor.cc:116: /data/ray_tmp/ray/session_2026-09-02_18-02-52_158824_726500 is over 95% full, available space: 5960.67 GB; capacity: 512000 GB. Object creation will fail if spilling is required.
(SpecoSGLangHttpServer pid=729144) [2026-09-02 18:12:26] Decode batch, #running-req: 1, #token: 1146, token usage: 0.01, accept len: 4.00, accept rate: 0.43, cuda graph: False, gen throughput (token/s): 65.02, #queue-req: 0 [repeated 10x across cluster]
(SpecoSGLangHttpServer pid=729151) [2026-09-02 18:12:27] Cache flushed successfully! [repeated 7x across cluster]
(SpecoWorker pid=731469) Using blocking ray.get inside async actor. This blocks the event loop. Please use `await` on object ref with asyncio.gather if you want to yield execution to the event loop instead.
(WorkerDict pid=728170) WARNING:2026-09-02 18:12:38,560:[actor lm_head export] name=lm_head.weight shape=(151936, 2560) dtype=torch.bfloat16 source_vocab=151936 selected_rows=None
(raylet) [2026-09-02 18:12:43,480 E 727446 727478] (raylet) file_system_monitor.cc:116: /data/ray_tmp/ray/session_2026-09-02_18-02-52_158824_726500 is over 95% full, available space: 5960.66 GB; capacity: 512000 GB. Object creation will fail if spilling is required.
(SpecoWorker pid=731468) Using blocking ray.get inside async actor. This blocks the event loop. Please use `await` on object ref with asyncio.gather if you want to yield execution to the event loop instead. [repeated 7x across cluster]
(raylet) [2026-09-02 18:12:53,497 E 727446 727478] (raylet) file_system_monitor.cc:116: /data/ray_tmp/ray/session_2026-09-02_18-02-52_158824_726500 is over 95% full, available space: 5960.66 GB; capacity: 512000 GB. Object creation will fail if spilling is required.
(SpecoWorker pid=731467) WARNING:2026-09-02 18:12:57,297:[drafter logits quality] valid_tokens=224 top1_acc=0.446429 top5_acc=0.642857 local_ploss_sum=394.583710 local_tokens=224 per_step=[{'step': 0, 'tokens': 32, 'top1': 0.78125, 'top5': 0.90625}, {'step': 1, 'tokens': 32, 'top1': 0.59375, 'top5': 0.75}, {'step': 2, 'tokens': 32, 'top1': 0.53125, 'top5': 0.6875}, {'step': 3, 'tokens': 32, 'top1': 0.375, 'top5': 0.65625}, {'step': 4, 'tokens': 32, 'top1': 0.375, 'top5': 0.625}, {'step': 5, 'tokens': 32, 'top1': 0.28125, 'top5': 0.59375}, {'step': 6, 'tokens': 32, 'top1': 0.1875, 'top5': 0.28125}]
(SpecoWorker pid=731472) WARNING:2026-09-02 18:13:01,558:[drafter loss] step=1 optimizer_step_total=1 lr=1.000e-05 loss=3.7941 vloss=0.0000 ploss=3.7941
(SpecoWorker pid=731468) WARNING:2026-09-02 18:13:02,107:[drafter logits quality] valid_tokens=224 top1_acc=0.379464 top5_acc=0.616071 local_ploss_sum=428.662354 local_tokens=224 per_step=[{'step': 0, 'tokens': 32, 'top1': 0.84375, 'top5': 1.0}, {'step': 1, 'tokens': 32, 'top1': 0.625, 'top5': 0.875}, {'step': 2, 'tokens': 32, 'top1': 0.3125, 'top5': 0.78125}, {'step': 3, 'tokens': 32, 'top1': 0.28125, 'top5': 0.59375}, {'step': 4, 'tokens': 32, 'top1': 0.15625, 'top5': 0.40625}, {'step': 5, 'tokens': 32, 'top1': 0.21875, 'top5': 0.3125}, {'step': 6, 'tokens': 32, 'top1': 0.21875, 'top5': 0.34375}] [repeated 23x across cluster]
(raylet) [2026-09-02 18:13:03,574 E 727446 727478] (raylet) file_system_monitor.cc:116: /data/ray_tmp/ray/session_2026-09-02_18-02-52_158824_726500 is over 95% full, available space: 5960.62 GB; capacity: 512000 GB. Object creation will fail if spilling is required.
(SpecoWorker pid=731468) WARNING:2026-09-02 18:13:06,521:[drafter loss] step=16 optimizer_step_total=16 lr=1.000e-05 loss=3.3442 vloss=0.0000 ploss=3.3442 [repeated 127x across cluster]
(SpecoWorker pid=731468) WARNING:2026-09-02 18:13:07,252:[drafter logits quality] valid_tokens=224 top1_acc=0.486607 top5_acc=0.732143 local_ploss_sum=289.819000 local_tokens=224 per_step=[{'step': 0, 'tokens': 32, 'top1': 0.78125, 'top5': 1.0}, {'step': 1, 'tokens': 32, 'top1': 0.6875, 'top5': 0.96875}, {'step': 2, 'tokens': 32, 'top1': 0.59375, 'top5': 0.9375}, {'step': 3, 'tokens': 32, 'top1': 0.5625, 'top5': 0.78125}, {'step': 4, 'tokens': 32, 'top1': 0.25, 'top5': 0.5}, {'step': 5, 'tokens': 32, 'top1': 0.28125, 'top5': 0.53125}, {'step': 6, 'tokens': 32, 'top1': 0.25, 'top5': 0.40625}] [repeated 128x across cluster]
(raylet) [2026-09-02 18:13:13,630 E 727446 727478] (raylet) file_system_monitor.cc:116: /data/ray_tmp/ray/session_2026-09-02_18-02-52_158824_726500 is over 95% full, available space: 5960.59 GB; capacity: 512000 GB. Object creation will fail if spilling is required.
(SpecoWorker pid=731468) WARNING:2026-09-02 18:13:07,865:[drafter loss] step=20 optimizer_step_total=20 lr=1.000e-05 loss=3.3479 vloss=0.0000 ploss=3.3479 [repeated 32x across cluster]
(SpecoWorker pid=731468) WARNING:2026-09-02 18:13:07,572:[drafter logits quality] valid_tokens=224 top1_acc=0.433036 top5_acc=0.709821 local_ploss_sum=384.656647 local_tokens=224 per_step=[{'step': 0, 'tokens': 32, 'top1': 0.75, 'top5': 0.9375}, {'step': 1, 'tokens': 32, 'top1': 0.71875, 'top5': 0.90625}, {'step': 2, 'tokens': 32, 'top1': 0.5625, 'top5': 0.84375}, {'step': 3, 'tokens': 32, 'top1': 0.3125, 'top5': 0.625}, {'step': 4, 'tokens': 32, 'top1': 0.21875, 'top5': 0.5625}, {'step': 5, 'tokens': 32, 'top1': 0.21875, 'top5': 0.5}, {'step': 6, 'tokens': 32, 'top1': 0.25, 'top5': 0.59375}] [repeated 8x across cluster]
(SpecoSGLangHttpServer pid=729143) [2026-09-02 18:13:17] Cache flushed successfully!
(WorkerDict pid=728171) WARNING:2026-09-02 18:13:19,326:[speco sglang target update] done global_steps=2 buckets=5 elapsed_sec=1.700
(SpecoSGLangHttpServer pid=729143) [2026-09-02 18:13:19] Parameter lm_head.weight not found in params_dict
(WorkerDict pid=728171) Using blocking ray.get inside async actor. This blocks the event loop. Please use `await` on object ref with asyncio.gather if you want to yield execution to the event loop instead.
(SpecoSGLangHttpServer pid=729151) [2026-09-02 18:13:19] Cache flushed successfully! [repeated 15x across cluster]
(raylet) [2026-09-02 18:13:23,710 E 727446 727478] (raylet) file_system_monitor.cc:116: /data/ray_tmp/ray/session_2026-09-02_18-02-52_158824_726500 is over 95% full, available space: 5960.58 GB; capacity: 512000 GB. Object creation will fail if spilling is required.
(WorkerDict pid=728170) WARNING:2026-09-02 18:13:23,815:[speco publish materialize] async=False global_steps=2 elapsed_sec=0.981 num_weights=81
(WorkerDict pid=728173) WARNING:2026-09-02 18:13:23,806:[speco vllm compat] patched transformers.configuration_utils missing ALLOWED_ATTENTION_LAYER_TYPES for vLLM import
(WorkerDict pid=728173) WARNING:2026-09-02 18:13:24,440:[speco sglang draft update] done global_steps=2 buckets=3 bucket_mb=512 elapsed_sec=0.648
(WorkerDict pid=728175) WARNING:2026-09-02 18:13:19,326:[speco sglang target update] done global_steps=2 buckets=5 elapsed_sec=1.403 [repeated 7x across cluster]
(SpecoSGLangHttpServer pid=729151) [2026-09-02 18:13:19] Parameter lm_head.weight not found in params_dict [repeated 7x across cluster]
(SpecoTaskRunner pid=727725) 
Training Progress:  25%|██▌       | 2/8 [02:27<07:25, 74.25s/it]
(SpecoTaskRunner pid=727725) step:2 - global_seqlen/min:4051 - global_seqlen/max:7938 - global_seqlen/minmax_diff:3887 - global_seqlen/balanced_min:5686 - global_seqlen/balanced_max:5703 - global_seqlen/mean:5694.75 - actor/entropy:0.0 - perf/mfu/actor_infer:0.1488546252496057 - actor/pg_clipfrac:np.float64(0.0) - actor/ppo_kl:np.float64(0.0) - actor/pg_clipfrac_lower:np.float64(0.0) - actor/pg_loss:np.float64(-0.011090087937191129) - actor/kl_loss:np.float64(0.00127291012177011) - actor/kl_coef:np.float64(0.001) - actor/loss:np.float64(-0.011088810861110687) - actor/grad_norm:np.float64(2.2711048126220703) - actor/lr:np.float64(1e-06) - actor/perf/max_memory_allocated_gb:np.float64(13.18202829360962) - actor/perf/max_memory_reserved_gb:np.float64(16.958984375) - actor/perf/cpu_memory_used_gb:np.float64(355.7638359069824) - perf/mfu/actor:np.float64(0.15138271904102313) - drafter/raw_drafter_samples:np.float64(64.0) - drafter/collected_samples:np.float64(8.0) - drafter/collect_interval_matched:np.float64(1.0) - drafter/collection_plan_used:np.float64(1.0) - drafter/collection_plan_collect:np.float64(1.0) - drafter/collection_plan_reason:np.float64(7.0) - drafter/collection_plan_source:np.float64(2.0) - drafter/collection_plan_interval_matched:np.float64(1.0) - drafter/collection_plan_training_interval_matched:np.float64(1.0) - drafter/collection_attempted:np.float64(1.0) - drafter/collection_completed:np.float64(1.0) - drafter/collection_outcome_reason:np.float64(1.0) - drafter/collection_rejected_samples:np.float64(0.0) - drafter/collection_worker_results:np.float64(8.0) - drafter/collection_finalized:np.float64(1.0) - drafter/collection_expired_stages:np.float64(0.0) - timing_s/drafter_collection_rpc:np.float64(0.06975127011537552) - drafter/scheduler_used:np.float64(1.0) - drafter/schedule_launch:np.float64(1.0) - drafter/schedule_interval_matched:np.float64(1.0) - drafter/schedule_strategy:np.float64(0.0) - drafter/schedule_reason:np.float64(10.0) - drafter/target_lm_head_apply_deferred:np.float64(1.0) - drafter/target_lm_head_selected_rows:np.float64(0.0) - drafter/target_lm_head_source_vocab_size:np.float64(0.0) - drafter/target_lm_head_direct_sparse_export:np.float64(0.0) - timing_s/drafter_sync_target_lm_head_fetch:np.float64(4.537654742598534) - timing_s/drafter_sync_target_lm_head_dispatch:np.float64(1.8670288994908333) - drafter/train_interval_matched:np.float64(1.0) - drafter/target_lm_head_synced:np.float64(1.0) - timing_s/drafter_sync_target_lm_head:np.float64(6.416276656091213) - timing_s/drafter_sync_target_lm_head_apply:np.float64(1.8674757853150368) - timing_s/drafter_sync_target_lm_head_wait:np.float64(0.0004468858242034912) - timing_s/drafter_sync_target_lm_head_overlap_window:np.float64(6.333899535238743) - drafter/trained:np.float64(1.0) - drafter/train_successful_steps_max:np.int64(20) - drafter/train_no_trainable_batch:np.float64(0.0) - drafter/train_activation_failed:np.float64(0.0) - drafter/train_attempted_batches_max:np.int64(20) - drafter/train_buffer_size_before_min:np.int64(1) - drafter/train_buffer_size_after_min:np.int64(0) - drafter/train_optimizer_step_max:np.int64(20) - drafter/train_worker_results_consistent:np.float64(1.0) - drafter/train_worker_ids_consistent:np.float64(1.0) - drafter/train_worker_incarnations_consistent:np.float64(1.0) - drafter/train_plan_ids_consistent:np.float64(1.0) - drafter/train_source_steps_consistent:np.float64(1.0) - drafter/train_data_versions_consistent:np.float64(1.0) - drafter/train_target_versions_consistent:np.float64(1.0) - drafter/train_successful_steps_consistent:np.float64(1.0) - drafter/train_optimizer_steps_consistent:np.float64(1.0) - drafter/train_publish_leader_count:np.float64(1.0) - drafter/train_publish_leader_snapshot_ready:np.float64(1.0) - timing_s/drafter_prepare_batch:np.float64(0.18820762634277344) - timing_s/drafter_forward_loss:np.float64(9.670970916748047) - timing_s/drafter_reduce_loss:np.float64(0.04718470573425293) - timing_s/drafter_backward:np.float64(1.5597264766693115) - timing_s/drafter_optimizer:np.float64(3.9317896366119385) - timing_s/drafter_publish_snapshot:np.float64(2.7698466777801514) - timing_s/drafter_worker_training_loop:np.float64(16.315755128860474) - timing_s/drafter_worker_cleanup:np.float64(6.24904465675354) - timing_s/drafter_worker_elapsed:np.float64(24.48383665084839) - timing_s/drafter_train_rpc:np.float64(27.174546033143997) - drafter/runtime_state:np.float64(3.0) - drafter/runtime_completed_batches:np.float64(20.0) - drafter/runtime_inflight:np.float64(0.0) - timing_s/drafter_runtime_batch_average:np.float64(1.3587273016572) - timing_s/drafter_outer_unaccounted:np.float64(0.012278206646442413) - drafter/publish_attempted:np.float64(1.0) - drafter/published:np.float64(1.0) - timing_s/drafter_publish_wait_pending:np.float64(1.0766088962554932e-05) - timing_s/drafter_publish_fetch_snapshot:np.float64(2.2195451706647873) - timing_s/drafter_publish_update_weights:np.float64(1.8742538765072823) - training/global_step:2 - training/epoch:0 - critic/score/mean:0.5 - critic/score/max:1.0 - critic/score/min:0.0 - critic/rewards/mean:0.5 - critic/rewards/max:1.0 - critic/rewards/min:0.0 - critic/advantages/mean:0.011090079322457314 - critic/advantages/max:1.4999970197677612 - critic/advantages/min:-0.8660238981246948 - critic/returns/mean:0.011090079322457314 - critic/returns/max:1.4999970197677612 - critic/returns/min:-0.8660238981246948 - response_length/mean:543.28125 - response_length/max:1024.0 - response_length/min:290.0 - response_length/clip_ratio:0.125 - response_length_non_aborted/mean:543.28125 - response_length_non_aborted/max:1024.0 - response_length_non_aborted/min:290.0 - response_length_non_aborted/clip_ratio:0.125 - response/aborted_ratio:0.0 - prompt_length/mean:168.5625 - prompt_length/max:200.0 - prompt_length/min:145.0 - prompt_length/clip_ratio:0.0 - num_turns/min:np.int32(2) - num_turns/max:np.int32(2) - num_turns/mean:np.float64(2.0) - timing_s/start_profile:9.44286584854126e-05 - timing_s/agent_loop/num_preempted/min:np.int64(-1) - timing_s/agent_loop/num_preempted/max:np.int64(-1) - timing_s/agent_loop/num_preempted/mean:np.float64(-1.0) - timing_s/agent_loop/generate_sequences/min:np.float64(4.599838942289352) - timing_s/agent_loop/generate_sequences/max:np.float64(18.091605506837368) - timing_s/agent_loop/generate_sequences/mean:np.float64(8.38067573599983) - timing_s/agent_loop/tool_calls/min:np.float64(0.0) - timing_s/agent_loop/tool_calls/max:np.float64(0.0) - timing_s/agent_loop/tool_calls/mean:np.float64(0.0) - timing_s/agent_loop/compute_score/min:np.float64(0.0070543959736824036) - timing_s/agent_loop/compute_score/max:np.float64(0.012429147958755493) - timing_s/agent_loop/compute_score/mean:np.float64(0.008321329019963741) - timing_s/agent_loop/slowest/generate_sequences:np.float64(18.091605506837368) - timing_s/agent_loop/slowest/tool_calls:np.float64(0.0) - timing_s/agent_loop/slowest/compute_score:np.float64(0.008467897772789001) - timing_s/agent_loop/slowest/num_preempted:np.int64(-1) - timing_s/agent_loop/slowest/prompt_length:145 - timing_s/agent_loop/slowest/response_length:1024 - timing_s/gen:22.33904842287302 - timing_s/reward:3.6738812923431396e-05 - timing_s/old_log_prob:3.249978668987751 - timing_s/ref:1.3997341319918633 - timing_s/adv:0.002879597246646881 - timing_s/update_actor:6.333983853459358 - timing_s/drafter:33.60310089588165 - timing_s/update_weights:8.665208168327808 - timing_s/step:75.6073656976223 - timing_s/stop_profile:0.00012376904487609863 - timing_per_token_ms/adv:6.320727965773038e-05 - timing_per_token_ms/ref:0.030724222573244288 - timing_per_token_ms/gen:0.6424805413538401 - timing_per_token_ms/update_actor:0.13903120974273142 - perf/total_num_tokens:45558 - perf/time_per_step:75.6073656976223 - perf/throughput:75.32004253097644
(SpecoSGLangHttpServer pid=729143) [2026-09-02 18:13:24] Prefill batch, #new-seq: 1, #new-token: 167, #cached-token: 0, token usage: 0.01, #running-req: 0, #queue-req: 0, #pending-token: 0, cuda graph: False, input throughput (token/s): 2.21
(SpecoSGLangHttpServer pid=729144) [2026-09-02 18:13:27] Decode batch, #running-req: 8, #token: 2075, token usage: 0.01, accept len: 3.86, accept rate: 0.41, cuda graph: False, gen throughput (token/s): 20.25, #queue-req: 0
(WorkerDict pid=728175) Using blocking ray.get inside async actor. This blocks the event loop. Please use `await` on object ref with asyncio.gather if you want to yield execution to the event loop instead. [repeated 7x across cluster]
(SpecoSGLangHttpServer pid=729150) [2026-09-02 18:13:24] Cache flushed successfully! [repeated 16x across cluster]
(WorkerDict pid=728175) WARNING:2026-09-02 18:13:23,970:[speco publish materialize] async=False global_steps=2 elapsed_sec=1.134 num_weights=81 [repeated 7x across cluster]
(WorkerDict pid=728175) WARNING:2026-09-02 18:13:23,984:[speco vllm compat] patched transformers.configuration_utils missing ALLOWED_ATTENTION_LAYER_TYPES for vLLM import [repeated 7x across cluster]
(WorkerDict pid=728175) WARNING:2026-09-02 18:13:24,660:[speco sglang draft update] done global_steps=2 buckets=3 bucket_mb=512 elapsed_sec=0.689 [repeated 7x across cluster]
(SpecoSGLangHttpServer pid=729151) [2026-09-02 18:13:24] Prefill batch, #new-seq: 7, #new-token: 1216, #cached-token: 0, token usage: 0.00, #running-req: 1, #queue-req: 0, #pending-token: 0, cuda graph: False, input throughput (token/s): 17540.46 [repeated 15x across cluster]
(SpecoSGLangHttpServer pid=729142) [2026-09-02 18:13:32] Decode batch, #running-req: 5, #token: 2986, token usage: 0.02, accept len: 4.39, accept rate: 0.48, cuda graph: False, gen throughput (token/s): 447.89, #queue-req: 0 [repeated 22x across cluster]
(raylet) [2026-09-02 18:13:33,806 E 727446 727478] (raylet) file_system_monitor.cc:116: /data/ray_tmp/ray/session_2026-09-02_18-02-52_158824_726500 is over 95% full, available space: 5955.68 GB; capacity: 512000 GB. Object creation will fail if spilling is required.
(SpecoSGLangHttpServer pid=729146) [2026-09-02 18:13:39] Decode batch, #running-req: 2, #token: 2188, token usage: 0.01, accept len: 3.91, accept rate: 0.42, cuda graph: False, gen throughput (token/s): 136.90, #queue-req: 0 [repeated 16x across cluster]
(SpecoSGLangHttpServer pid=729143) [2026-09-02 18:13:43] Cache flushed successfully!
(raylet) [2026-09-02 18:13:43,878 E 727446 727478] (raylet) file_system_monitor.cc:116: /data/ray_tmp/ray/session_2026-09-02_18-02-52_158824_726500 is over 95% full, available space: 5955.68 GB; capacity: 512000 GB. Object creation will fail if spilling is required.
(SpecoSGLangHttpServer pid=729145) [2026-09-02 18:13:42] Decode batch, #running-req: 1, #token: 1161, token usage: 0.01, accept len: 3.73, accept rate: 0.39, cuda graph: False, gen throughput (token/s): 117.03, #queue-req: 0 [repeated 6x across cluster]
(SpecoSGLangHttpServer pid=729146) [2026-09-02 18:13:43] Cache flushed successfully! [repeated 7x across cluster]
(raylet) [2026-09-02 18:13:53,918 E 727446 727478] (raylet) file_system_monitor.cc:116: /data/ray_tmp/ray/session_2026-09-02_18-02-52_158824_726500 is over 95% full, available space: 5955.65 GB; capacity: 512000 GB. Object creation will fail if spilling is required.
(WorkerDict pid=728171) WARNING:2026-09-02 18:13:59,310:[speco sglang target update] done global_steps=3 buckets=5 elapsed_sec=1.566
(SpecoSGLangHttpServer pid=729145) [2026-09-02 18:13:58] Cache flushed successfully! [repeated 8x across cluster]
(SpecoSGLangHttpServer pid=729143) [2026-09-02 18:13:59] Parameter lm_head.weight not found in params_dict
(SpecoTaskRunner pid=727725) 
Training Progress:  38%|███▊      | 3/8 [03:03<04:43, 56.70s/it]
(SpecoTaskRunner pid=727725) step:3 - global_seqlen/min:3477 - global_seqlen/max:8350 - global_seqlen/minmax_diff:4873 - global_seqlen/balanced_min:6064 - global_seqlen/balanced_max:6074 - global_seqlen/mean:6066.75 - actor/entropy:0.0 - perf/mfu/actor_infer:0.210372195970104 - actor/pg_clipfrac:np.float64(0.0) - actor/ppo_kl:np.float64(0.0) - actor/pg_clipfrac_lower:np.float64(0.0) - actor/pg_loss:np.float64(0.04732673708349466) - actor/kl_loss:np.float64(0.0030565533961635083) - actor/kl_coef:np.float64(0.001) - actor/loss:np.float64(0.047329794615507126) - actor/grad_norm:np.float64(0.741992175579071) - actor/lr:np.float64(1e-06) - actor/perf/max_memory_allocated_gb:np.float64(13.708402633666992) - actor/perf/max_memory_reserved_gb:np.float64(19.4453125) - actor/perf/cpu_memory_used_gb:np.float64(415.9938163757324) - perf/mfu/actor:np.float64(0.19635513563675772) - drafter/raw_drafter_samples:np.float64(0.0) - drafter/collected_samples:np.float64(0.0) - drafter/collect_interval_matched:np.float64(1.0) - drafter/collection_plan_used:np.float64(1.0) - drafter/collection_plan_collect:np.float64(0.0) - drafter/collection_plan_reason:np.float64(5.0) - drafter/collection_plan_source:np.float64(2.0) - drafter/collection_plan_interval_matched:np.float64(1.0) - drafter/collection_plan_training_interval_matched:np.float64(0.0) - drafter/scheduler_used:np.float64(1.0) - drafter/schedule_launch:np.float64(0.0) - drafter/schedule_interval_matched:np.float64(0.0) - drafter/schedule_strategy:np.float64(0.0) - drafter/schedule_reason:np.float64(2.0) - drafter/target_lm_head_synced:np.float64(0.0) - drafter/train_interval_matched:np.float64(0.0) - drafter/trained:np.float64(0.0) - drafter/train_successful_steps_max:np.int64(0) - drafter/train_no_trainable_batch:np.float64(0.0) - drafter/train_activation_failed:np.float64(0.0) - drafter/runtime_state:np.float64(0.0) - drafter/runtime_completed_batches:np.float64(0.0) - drafter/runtime_inflight:np.float64(0.0) - timing_s/drafter_runtime_batch_average:np.float64(1.3587273016572) - drafter/publish_attempted:np.float64(0.0) - drafter/published:np.float64(0.0) - timing_s/drafter_outer_unaccounted:np.float64(0.002221435308456421) - training/global_step:3 - training/epoch:0 - critic/score/mean:0.6875 - critic/score/max:1.0 - critic/score/min:0.0 - critic/rewards/mean:0.6875 - critic/rewards/max:1.0 - critic/rewards/min:0.0 - critic/advantages/mean:-0.047326721251010895 - critic/advantages/max:0.8660238981246948 - critic/advantages/min:-1.4999970197677612 - critic/returns/mean:-0.047326721251010895 - critic/returns/max:0.8660238981246948 - critic/returns/min:-1.4999970197677612 - response_length/mean:588.28125 - response_length/max:1024.0 - response_length/min:217.0 - response_length/clip_ratio:0.171875 - response_length_non_aborted/mean:588.28125 - response_length_non_aborted/max:1024.0 - response_length_non_aborted/min:217.0 - response_length_non_aborted/clip_ratio:0.171875 - response/aborted_ratio:0.0 - prompt_length/mean:170.0625 - prompt_length/max:199.0 - prompt_length/min:138.0 - prompt_length/clip_ratio:0.0 - num_turns/min:np.int32(2) - num_turns/max:np.int32(2) - num_turns/mean:np.float64(2.0) - timing_s/start_profile:0.0001015588641166687 - timing_s/agent_loop/num_preempted/min:np.int64(-1) - timing_s/agent_loop/num_preempted/max:np.int64(-1) - timing_s/agent_loop/num_preempted/mean:np.float64(-1.0) - timing_s/agent_loop/generate_sequences/min:np.float64(3.4252618104219437) - timing_s/agent_loop/generate_sequences/max:np.float64(18.340377129614353) - timing_s/agent_loop/generate_sequences/mean:np.float64(9.146591487689875) - timing_s/agent_loop/tool_calls/min:np.float64(0.0) - timing_s/agent_loop/tool_calls/max:np.float64(0.0) - timing_s/agent_loop/tool_calls/mean:np.float64(0.0) - timing_s/agent_loop/compute_score/min:np.float64(0.006866082549095154) - timing_s/agent_loop/compute_score/max:np.float64(0.015700876712799072) - timing_s/agent_loop/compute_score/mean:np.float64(0.00879473052918911) - timing_s/agent_loop/slowest/generate_sequences:np.float64(18.340377129614353) - timing_s/agent_loop/slowest/tool_calls:np.float64(0.0) - timing_s/agent_loop/slowest/compute_score:np.float64(0.009051188826560974) - timing_s/agent_loop/slowest/num_preempted:np.int64(-1) - timing_s/agent_loop/slowest/prompt_length:199 - timing_s/agent_loop/slowest/response_length:1024 - timing_s/gen:22.58012445271015 - timing_s/reward:2.668052911758423e-05 - timing_s/old_log_prob:2.5503853484988213 - timing_s/ref:1.0684414058923721 - timing_s/adv:0.002499908208847046 - timing_s/update_actor:4.974232494831085 - timing_s/drafter:0.002221435308456421 - timing_s/update_weights:4.598067417740822 - timing_s/step:35.78845588862896 - timing_s/stop_profile:0.0001021847128868103 - timing_per_token_ms/adv:5.150839017692846e-05 - timing_per_token_ms/ref:0.022014287013070673 - timing_per_token_ms/gen:0.5997377012672019 - timing_per_token_ms/update_actor:0.1024896463269272 - perf/total_num_tokens:48534 - perf/time_per_step:35.78845588862896 - perf/throughput:169.51695314487105
(SpecoSGLangHttpServer pid=729143) [2026-09-02 18:14:00] Prefill batch, #new-seq: 1, #new-token: 172, #cached-token: 0, token usage: 0.01, #running-req: 0, #queue-req: 0, #pending-token: 0, cuda graph: False, input throughput (token/s): 4.82
(SpecoSGLangHttpServer pid=729143) [2026-09-02 18:14:03] Decode batch, #running-req: 8, #token: 2047, token usage: 0.01, accept len: 3.77, accept rate: 0.40, cuda graph: False, gen throughput (token/s): 51.15, #queue-req: 0
(raylet) [2026-09-02 18:14:04,006 E 727446 727478] (raylet) file_system_monitor.cc:116: /data/ray_tmp/ray/session_2026-09-02_18-02-52_158824_726500 is over 95% full, available space: 5955.29 GB; capacity: 512000 GB. Object creation will fail if spilling is required.
(WorkerDict pid=728175) WARNING:2026-09-02 18:13:59,316:[speco sglang target update] done global_steps=3 buckets=5 elapsed_sec=1.565 [repeated 7x across cluster]
(SpecoSGLangHttpServer pid=729151) [2026-09-02 18:13:59] Cache flushed successfully! [repeated 8x across cluster]
(SpecoSGLangHttpServer pid=729151) [2026-09-02 18:13:59] Parameter lm_head.weight not found in params_dict [repeated 7x across cluster]
(SpecoSGLangHttpServer pid=729151) [2026-09-02 18:14:00] Prefill batch, #new-seq: 7, #new-token: 1216, #cached-token: 0, token usage: 0.00, #running-req: 1, #queue-req: 0, #pending-token: 0, cuda graph: False, input throughput (token/s): 17731.75 [repeated 15x across cluster]
(SpecoSGLangHttpServer pid=729143) [2026-09-02 18:14:08] Decode batch, #running-req: 4, #token: 1780, token usage: 0.01, accept len: 4.03, accept rate: 0.43, cuda graph: False, gen throughput (token/s): 351.35, #queue-req: 0 [repeated 19x across cluster]
(SpecoSGLangHttpServer pid=729147) [2026-09-02 18:14:12] Cache flushed successfully!
(raylet) [2026-09-02 18:14:14,013 E 727446 727478] (raylet) file_system_monitor.cc:116: /data/ray_tmp/ray/session_2026-09-02_18-02-52_158824_726500 is over 95% full, available space: 5955.29 GB; capacity: 512000 GB. Object creation will fail if spilling is required.
(SpecoSGLangHttpServer pid=729147) [2026-09-02 18:14:10] Decode batch, #running-req: 1, #token: 862, token usage: 0.00, accept len: 4.53, accept rate: 0.50, cuda graph: False, gen throughput (token/s): 74.26, #queue-req: 0 [repeated 6x across cluster]
(WorkerDict pid=728170) WARNING:2026-09-02 18:14:23,522:[actor lm_head export] name=lm_head.weight shape=(151936, 2560) dtype=torch.bfloat16 source_vocab=151936 selected_rows=None
(SpecoSGLangHttpServer pid=729151) [2026-09-02 18:14:13] Cache flushed successfully! [repeated 7x across cluster]
(raylet) [2026-09-02 18:14:24,053 E 727446 727478] (raylet) file_system_monitor.cc:116: /data/ray_tmp/ray/session_2026-09-02_18-02-52_158824_726500 is over 95% full, available space: 5955.28 GB; capacity: 512000 GB. Object creation will fail if spilling is required.
(raylet) [2026-09-02 18:14:34,055 E 727446 727478] (raylet) file_system_monitor.cc:116: /data/ray_tmp/ray/session_2026-09-02_18-02-52_158824_726500 is over 95% full, available space: 5955.25 GB; capacity: 512000 GB. Object creation will fail if spilling is required.
(SpecoWorker pid=731469) WARNING:2026-09-02 18:14:34,903:[drafter logits quality] valid_tokens=224 top1_acc=0.495536 top5_acc=0.758929 local_ploss_sum=294.539642 local_tokens=224 per_step=[{'step': 0, 'tokens': 32, 'top1': 0.78125, 'top5': 1.0}, {'step': 1, 'tokens': 32, 'top1': 0.65625, 'top5': 0.875}, {'step': 2, 'tokens': 32, 'top1': 0.5625, 'top5': 0.875}, {'step': 3, 'tokens': 32, 'top1': 0.40625, 'top5': 0.8125}, {'step': 4, 'tokens': 32, 'top1': 0.375, 'top5': 0.625}, {'step': 5, 'tokens': 32, 'top1': 0.40625, 'top5': 0.65625}, {'step': 6, 'tokens': 32, 'top1': 0.28125, 'top5': 0.46875}]
(SpecoWorker pid=731469) WARNING:2026-09-02 18:14:35,195:[drafter loss] step=1 optimizer_step_total=21 lr=1.000e-05 loss=3.2458 vloss=0.0000 ploss=3.2458
(SpecoWorker pid=731468) WARNING:2026-09-02 18:14:39,861:[drafter logits quality] valid_tokens=224 top1_acc=0.459821 top5_acc=0.781250 local_ploss_sum=288.167480 local_tokens=224 per_step=[{'step': 0, 'tokens': 32, 'top1': 0.78125, 'top5': 0.96875}, {'step': 1, 'tokens': 32, 'top1': 0.625, 'top5': 1.0}, {'step': 2, 'tokens': 32, 'top1': 0.4375, 'top5': 0.875}, {'step': 3, 'tokens': 32, 'top1': 0.40625, 'top5': 0.8125}, {'step': 4, 'tokens': 32, 'top1': 0.40625, 'top5': 0.6875}, {'step': 5, 'tokens': 32, 'top1': 0.3125, 'top5': 0.625}, {'step': 6, 'tokens': 32, 'top1': 0.25, 'top5': 0.5}] [repeated 127x across cluster]
(SpecoWorker pid=731469) WARNING:2026-09-02 18:14:40,464:[drafter loss] step=17 optimizer_step_total=37 lr=1.000e-05 loss=2.5276 vloss=0.0000 ploss=2.5276 [repeated 128x across cluster]
(raylet) [2026-09-02 18:14:44,079 E 727446 727478] (raylet) file_system_monitor.cc:116: /data/ray_tmp/ray/session_2026-09-02_18-02-52_158824_726500 is over 95% full, available space: 5955.25 GB; capacity: 512000 GB. Object creation will fail if spilling is required.
(SpecoSGLangHttpServer pid=729146) [2026-09-02 18:14:48] Cache flushed successfully!
(SpecoWorker pid=731468) WARNING:2026-09-02 18:14:41,207:[drafter logits quality] valid_tokens=224 top1_acc=0.517857 top5_acc=0.808036 local_ploss_sum=261.777039 local_tokens=224 per_step=[{'step': 0, 'tokens': 32, 'top1': 0.875, 'top5': 1.0}, {'step': 1, 'tokens': 32, 'top1': 0.6875, 'top5': 0.875}, {'step': 2, 'tokens': 32, 'top1': 0.59375, 'top5': 0.9375}, {'step': 3, 'tokens': 32, 'top1': 0.5625, 'top5': 0.875}, {'step': 4, 'tokens': 32, 'top1': 0.4375, 'top5': 0.8125}, {'step': 5, 'tokens': 32, 'top1': 0.25, 'top5': 0.59375}, {'step': 6, 'tokens': 32, 'top1': 0.21875, 'top5': 0.5625}] [repeated 32x across cluster]
(SpecoWorker pid=731468) WARNING:2026-09-02 18:14:41,477:[drafter loss] step=20 optimizer_step_total=40 lr=1.000e-05 loss=2.5180 vloss=0.0000 ploss=2.5180 [repeated 31x across cluster]
(WorkerDict pid=728171) WARNING:2026-09-02 18:14:50,032:[speco sglang target update] done global_steps=4 buckets=5 elapsed_sec=1.415
(SpecoSGLangHttpServer pid=729143) [2026-09-02 18:14:50] Parameter lm_head.weight not found in params_dict
(WorkerDict pid=728171) WARNING:2026-09-02 18:14:53,666:[speco publish materialize] async=False global_steps=4 elapsed_sec=0.905 num_weights=81
(SpecoSGLangHttpServer pid=729151) [2026-09-02 18:14:50] Cache flushed successfully! [repeated 15x across cluster]
(raylet) [2026-09-02 18:14:54,136 E 727446 727478] (raylet) file_system_monitor.cc:116: /data/ray_tmp/ray/session_2026-09-02_18-02-52_158824_726500 is over 95% full, available space: 5955.2 GB; capacity: 512000 GB. Object creation will fail if spilling is required.
(WorkerDict pid=728171) WARNING:2026-09-02 18:14:54,299:[speco sglang draft update] done global_steps=4 buckets=3 bucket_mb=512 elapsed_sec=0.633
(SpecoTaskRunner pid=727725) 
Training Progress:  50%|█████     | 4/8 [03:57<03:42, 55.62s/it]
(SpecoTaskRunner pid=727725) step:4 - global_seqlen/min:4178 - global_seqlen/max:5757 - global_seqlen/minmax_diff:1579 - global_seqlen/balanced_min:4831 - global_seqlen/balanced_max:4838 - global_seqlen/mean:4834.25 - actor/entropy:0.0 - perf/mfu/actor_infer:0.15651476022116942 - actor/pg_clipfrac:np.float64(0.0) - actor/ppo_kl:np.float64(0.0) - actor/pg_clipfrac_lower:np.float64(0.0) - actor/pg_loss:np.float64(0.004931161180138588) - actor/kl_loss:np.float64(0.005579278222285211) - actor/kl_coef:np.float64(0.001) - actor/loss:np.float64(0.004936740268021822) - actor/grad_norm:np.float64(0.6750479936599731) - actor/lr:np.float64(1e-06) - actor/perf/max_memory_allocated_gb:np.float64(13.708402633666992) - actor/perf/max_memory_reserved_gb:np.float64(19.4453125) - actor/perf/cpu_memory_used_gb:np.float64(422.2661323547363) - perf/mfu/actor:np.float64(0.14353244071268215) - drafter/raw_drafter_samples:np.float64(64.0) - drafter/collected_samples:np.float64(8.0) - drafter/collect_interval_matched:np.float64(1.0) - drafter/collection_plan_used:np.float64(1.0) - drafter/collection_plan_collect:np.float64(1.0) - drafter/collection_plan_reason:np.float64(7.0) - drafter/collection_plan_source:np.float64(2.0) - drafter/collection_plan_interval_matched:np.float64(1.0) - drafter/collection_plan_training_interval_matched:np.float64(1.0) - drafter/collection_attempted:np.float64(1.0) - drafter/collection_completed:np.float64(1.0) - drafter/collection_outcome_reason:np.float64(1.0) - drafter/collection_rejected_samples:np.float64(0.0) - drafter/collection_worker_results:np.float64(8.0) - drafter/collection_finalized:np.float64(1.0) - drafter/collection_expired_stages:np.float64(0.0) - timing_s/drafter_collection_rpc:np.float64(0.06374681740999222) - drafter/scheduler_used:np.float64(1.0) - drafter/schedule_launch:np.float64(1.0) - drafter/schedule_interval_matched:np.float64(1.0) - drafter/schedule_strategy:np.float64(0.0) - drafter/schedule_reason:np.float64(10.0) - drafter/target_lm_head_apply_deferred:np.float64(1.0) - drafter/target_lm_head_selected_rows:np.float64(0.0) - drafter/target_lm_head_source_vocab_size:np.float64(0.0) - drafter/target_lm_head_direct_sparse_export:np.float64(0.0) - timing_s/drafter_sync_target_lm_head_fetch:np.float64(3.7866451293230057) - timing_s/drafter_sync_target_lm_head_dispatch:np.float64(0.7690054252743721) - drafter/train_interval_matched:np.float64(1.0) - drafter/target_lm_head_synced:np.float64(1.0) - timing_s/drafter_sync_target_lm_head:np.float64(4.561477296054363) - timing_s/drafter_sync_target_lm_head_apply:np.float64(0.7694002017378807) - timing_s/drafter_sync_target_lm_head_wait:np.float64(0.00039477646350860596) - timing_s/drafter_sync_target_lm_head_overlap_window:np.float64(5.975487977266312) - drafter/trained:np.float64(1.0) - drafter/train_successful_steps_max:np.int64(20) - drafter/train_no_trainable_batch:np.float64(0.0) - drafter/train_activation_failed:np.float64(0.0) - drafter/train_attempted_batches_max:np.int64(20) - drafter/train_buffer_size_before_min:np.int64(1) - drafter/train_buffer_size_after_min:np.int64(0) - drafter/train_optimizer_step_max:np.int64(40) - drafter/train_worker_results_consistent:np.float64(1.0) - drafter/train_worker_ids_consistent:np.float64(1.0) - drafter/train_worker_incarnations_consistent:np.float64(1.0) - drafter/train_plan_ids_consistent:np.float64(1.0) - drafter/train_source_steps_consistent:np.float64(1.0) - drafter/train_data_versions_consistent:np.float64(1.0) - drafter/train_target_versions_consistent:np.float64(1.0) - drafter/train_successful_steps_consistent:np.float64(1.0) - drafter/train_optimizer_steps_consistent:np.float64(1.0) - drafter/train_publish_leader_count:np.float64(1.0) - drafter/train_publish_leader_snapshot_ready:np.float64(1.0) - timing_s/drafter_prepare_batch:np.float64(0.08777284622192383) - timing_s/drafter_forward_loss:np.float64(2.575622320175171) - timing_s/drafter_reduce_loss:np.float64(0.0465388298034668) - timing_s/drafter_backward:np.float64(1.2794809341430664) - timing_s/drafter_optimizer:np.float64(2.206343173980713) - timing_s/drafter_publish_snapshot:np.float64(2.643887519836426) - timing_s/drafter_worker_training_loop:np.float64(6.680957078933716) - timing_s/drafter_worker_cleanup:np.float64(3.2290422916412354) - timing_s/drafter_worker_elapsed:np.float64(11.958978176116943) - timing_s/drafter_train_rpc:np.float64(14.915592521429062) - drafter/runtime_state:np.float64(3.0) - drafter/runtime_completed_batches:np.float64(20.0) - drafter/runtime_inflight:np.float64(0.0) - timing_s/drafter_runtime_batch_average:np.float64(0.7457796260714531) - timing_s/drafter_outer_unaccounted:np.float64(0.014293462038040161) - drafter/publish_attempted:np.float64(1.0) - drafter/published:np.float64(1.0) - timing_s/drafter_publish_wait_pending:np.float64(9.149312973022461e-06) - timing_s/drafter_publish_fetch_snapshot:np.float64(1.5329987853765488) - timing_s/drafter_publish_update_weights:np.float64(1.72951228171587) - training/global_step:4 - training/epoch:0 - critic/score/mean:0.796875 - critic/score/max:1.0 - critic/score/min:0.0 - critic/rewards/mean:0.796875 - critic/rewards/max:1.0 - critic/rewards/min:0.0 - critic/advantages/mean:-0.004931165371090174 - critic/advantages/max:1.4999970197677612 - critic/advantages/min:-0.8660238981246948 - critic/returns/mean:-0.004931165371090174 - critic/returns/max:1.4999970197677612 - critic/returns/min:-0.8660238981246948 - response_length/mean:438.09375 - response_length/max:782.0 - response_length/min:237.0 - response_length/clip_ratio:0.0 - response_length_non_aborted/mean:438.09375 - response_length_non_aborted/max:782.0 - response_length_non_aborted/min:237.0 - response_length_non_aborted/clip_ratio:0.0 - response/aborted_ratio:0.0 - prompt_length/mean:166.1875 - prompt_length/max:212.0 - prompt_length/min:142.0 - prompt_length/clip_ratio:0.0 - num_turns/min:np.int32(2) - num_turns/max:np.int32(2) - num_turns/mean:np.float64(2.0) - timing_s/start_profile:8.577108383178711e-05 - timing_s/agent_loop/num_preempted/min:np.int64(-1) - timing_s/agent_loop/num_preempted/max:np.int64(-1) - timing_s/agent_loop/num_preempted/mean:np.float64(-1.0) - timing_s/agent_loop/generate_sequences/min:np.float64(3.5928081274032593) - timing_s/agent_loop/generate_sequences/max:np.float64(11.657146506011486) - timing_s/agent_loop/generate_sequences/mean:np.float64(6.683425024501048) - timing_s/agent_loop/tool_calls/min:np.float64(0.0) - timing_s/agent_loop/tool_calls/max:np.float64(0.0) - timing_s/agent_loop/tool_calls/mean:np.float64(0.0) - timing_s/agent_loop/compute_score/min:np.float64(0.007200166583061218) - timing_s/agent_loop/compute_score/max:np.float64(0.011069506406784058) - timing_s/agent_loop/compute_score/mean:np.float64(0.008007663651369512) - timing_s/agent_loop/slowest/generate_sequences:np.float64(11.657146506011486) - timing_s/agent_loop/slowest/tool_calls:np.float64(0.0) - timing_s/agent_loop/slowest/compute_score:np.float64(0.00809071958065033) - timing_s/agent_loop/slowest/num_preempted:np.int64(-1) - timing_s/agent_loop/slowest/prompt_length:170 - timing_s/agent_loop/slowest/response_length:782 - timing_s/gen:16.41484574228525 - timing_s/reward:2.1167099475860596e-05 - timing_s/old_log_prob:3.0769091695547104 - timing_s/ref:1.273648515343666 - timing_s/adv:0.002428807318210602 - timing_s/update_actor:5.9755023047327995 - timing_s/drafter:19.491363279521465 - timing_s/update_weights:7.723428063094616 - timing_s/step:53.96850152313709 - timing_s/stop_profile:0.0001165047287940979 - timing_per_token_ms/adv:6.280207162979267e-05 - timing_per_token_ms/ref:0.03293293983926323 - timing_per_token_ms/gen:0.585449951575906 - timing_per_token_ms/update_actor:0.15450954917341883 - perf/total_num_tokens:38674 - perf/time_per_step:53.96850152313709 - perf/throughput:89.57539793702603
(SpecoSGLangHttpServer pid=729144) [2026-09-02 18:14:54] Prefill batch, #new-seq: 1, #new-token: 151, #cached-token: 0, token usage: 0.01, #running-req: 0, #queue-req: 0, #pending-token: 0, cuda graph: False, input throughput (token/s): 2.80
(SpecoSGLangHttpServer pid=729147) [2026-09-02 18:14:57] Decode batch, #running-req: 8, #token: 2074, token usage: 0.01, accept len: 4.10, accept rate: 0.44, cuda graph: False, gen throughput (token/s): 28.21, #queue-req: 0
(WorkerDict pid=728175) WARNING:2026-09-02 18:14:50,030:[speco sglang target update] done global_steps=4 buckets=5 elapsed_sec=1.590 [repeated 7x across cluster]
(SpecoSGLangHttpServer pid=729151) [2026-09-02 18:14:50] Parameter lm_head.weight not found in params_dict [repeated 7x across cluster]
(WorkerDict pid=728175) WARNING:2026-09-02 18:14:53,739:[speco publish materialize] async=False global_steps=4 elapsed_sec=0.977 num_weights=81 [repeated 7x across cluster]
(SpecoSGLangHttpServer pid=729151) [2026-09-02 18:14:54] Cache flushed successfully! [repeated 16x across cluster]
(WorkerDict pid=728175) WARNING:2026-09-02 18:14:54,422:[speco sglang draft update] done global_steps=4 buckets=3 bucket_mb=512 elapsed_sec=0.683 [repeated 7x across cluster]
(SpecoSGLangHttpServer pid=729151) [2026-09-02 18:14:54] Prefill batch, #new-seq: 7, #new-token: 1139, #cached-token: 0, token usage: 0.00, #running-req: 1, #queue-req: 0, #pending-token: 0, cuda graph: False, input throughput (token/s): 16792.82 [repeated 15x across cluster]
(SpecoSGLangHttpServer pid=729142) [2026-09-02 18:15:02] Decode batch, #running-req: 5, #token: 2984, token usage: 0.02, accept len: 4.26, accept rate: 0.47, cuda graph: False, gen throughput (token/s): 357.66, #queue-req: 0 [repeated 23x across cluster]
(raylet) [2026-09-02 18:15:04,224 E 727446 727478] (raylet) file_system_monitor.cc:116: /data/ray_tmp/ray/session_2026-09-02_18-02-52_158824_726500 is over 95% full, available space: 5955.2 GB; capacity: 512000 GB. Object creation will fail if spilling is required.
(SpecoSGLangHttpServer pid=729151) [2026-09-02 18:15:09] Decode batch, #running-req: 1, #token: 1129, token usage: 0.01, accept len: 4.19, accept rate: 0.46, cuda graph: False, gen throughput (token/s): 126.44, #queue-req: 0 [repeated 15x across cluster]
(SpecoSGLangHttpServer pid=729147) [2026-09-02 18:15:10] Cache flushed successfully!
(raylet) [2026-09-02 18:15:14,256 E 727446 727478] (raylet) file_system_monitor.cc:116: /data/ray_tmp/ray/session_2026-09-02_18-02-52_158824_726500 is over 95% full, available space: 5955.17 GB; capacity: 512000 GB. Object creation will fail if spilling is required.
(SpecoSGLangHttpServer pid=729142) [2026-09-02 18:15:09] Decode batch, #running-req: 1, #token: 1170, token usage: 0.01, accept len: 4.55, accept rate: 0.51, cuda graph: False, gen throughput (token/s): 74.51, #queue-req: 0 [repeated 4x across cluster]
(SpecoSGLangHttpServer pid=729143) [2026-09-02 18:15:24] Cache flushed successfully! [repeated 8x across cluster]
(raylet) [2026-09-02 18:15:24,312 E 727446 727478] (raylet) file_system_monitor.cc:116: /data/ray_tmp/ray/session_2026-09-02_18-02-52_158824_726500 is over 95% full, available space: 5955.16 GB; capacity: 512000 GB. Object creation will fail if spilling is required.
(WorkerDict pid=728171) WARNING:2026-09-02 18:15:25,740:[speco sglang target update] done global_steps=5 buckets=5 elapsed_sec=1.560
(SpecoSGLangHttpServer pid=729143) [2026-09-02 18:15:25] Parameter lm_head.weight not found in params_dict
(SpecoTaskRunner pid=727725) 
Training Progress:  62%|██████▎   | 5/8 [04:30<02:21, 47.27s/it]
(SpecoTaskRunner pid=727725) step:5 - global_seqlen/min:3902 - global_seqlen/max:7188 - global_seqlen/minmax_diff:3286 - global_seqlen/balanced_min:5317 - global_seqlen/balanced_max:5323 - global_seqlen/mean:5320.125 - actor/entropy:0.0 - perf/mfu/actor_infer:0.2246014152545969 - actor/pg_clipfrac:np.float64(0.0) - actor/ppo_kl:np.float64(0.0) - actor/pg_clipfrac_lower:np.float64(0.0) - actor/pg_loss:np.float64(0.016247643157839775) - actor/kl_loss:np.float64(0.0031285230215871707) - actor/kl_coef:np.float64(0.001) - actor/loss:np.float64(0.016250770539045334) - actor/grad_norm:np.float64(0.371639609336853) - actor/lr:np.float64(1e-06) - actor/perf/max_memory_allocated_gb:np.float64(13.708402633666992) - actor/perf/max_memory_reserved_gb:np.float64(19.4453125) - actor/perf/cpu_memory_used_gb:np.float64(415.4227409362793) - perf/mfu/actor:np.float64(0.18676172238171665) - drafter/raw_drafter_samples:np.float64(0.0) - drafter/collected_samples:np.float64(0.0) - drafter/collect_interval_matched:np.float64(1.0) - drafter/collection_plan_used:np.float64(1.0) - drafter/collection_plan_collect:np.float64(0.0) - drafter/collection_plan_reason:np.float64(5.0) - drafter/collection_plan_source:np.float64(2.0) - drafter/collection_plan_interval_matched:np.float64(1.0) - drafter/collection_plan_training_interval_matched:np.float64(0.0) - drafter/scheduler_used:np.float64(1.0) - drafter/schedule_launch:np.float64(0.0) - drafter/schedule_interval_matched:np.float64(0.0) - drafter/schedule_strategy:np.float64(0.0) - drafter/schedule_reason:np.float64(2.0) - drafter/target_lm_head_synced:np.float64(0.0) - drafter/train_interval_matched:np.float64(0.0) - drafter/trained:np.float64(0.0) - drafter/train_successful_steps_max:np.int64(0) - drafter/train_no_trainable_batch:np.float64(0.0) - drafter/train_activation_failed:np.float64(0.0) - drafter/runtime_state:np.float64(0.0) - drafter/runtime_completed_batches:np.float64(0.0) - drafter/runtime_inflight:np.float64(0.0) - timing_s/drafter_runtime_batch_average:np.float64(0.7457796260714531) - drafter/publish_attempted:np.float64(0.0) - drafter/published:np.float64(0.0) - timing_s/drafter_outer_unaccounted:np.float64(0.0019877925515174866) - training/global_step:5 - training/epoch:0 - critic/score/mean:0.90625 - critic/score/max:1.0 - critic/score/min:0.0 - critic/rewards/mean:0.90625 - critic/rewards/max:1.0 - critic/rewards/min:0.0 - critic/advantages/mean:-0.016247643157839775 - critic/advantages/max:0.8660238981246948 - critic/advantages/min:-0.8660238981246948 - critic/returns/mean:-0.016247643157839775 - critic/returns/max:0.8660238981246948 - critic/returns/min:-0.8660238981246948 - response_length/mean:497.203125 - response_length/max:1024.0 - response_length/min:245.0 - response_length/clip_ratio:0.09375 - response_length_non_aborted/mean:497.203125 - response_length_non_aborted/max:1024.0 - response_length_non_aborted/min:245.0 - response_length_non_aborted/clip_ratio:0.09375 - response/aborted_ratio:0.0 - prompt_length/mean:167.8125 - prompt_length/max:212.0 - prompt_length/min:142.0 - prompt_length/clip_ratio:0.0 - num_turns/min:np.int32(2) - num_turns/max:np.int32(2) - num_turns/mean:np.float64(2.0) - timing_s/start_profile:9.02414321899414e-05 - timing_s/agent_loop/num_preempted/min:np.int64(-1) - timing_s/agent_loop/num_preempted/max:np.int64(-1) - timing_s/agent_loop/num_preempted/mean:np.float64(-1.0) - timing_s/agent_loop/generate_sequences/min:np.float64(3.4549718722701073) - timing_s/agent_loop/generate_sequences/max:np.float64(15.534658573567867) - timing_s/agent_loop/generate_sequences/mean:np.float64(7.338244717568159) - timing_s/agent_loop/tool_calls/min:np.float64(0.0) - timing_s/agent_loop/tool_calls/max:np.float64(0.0) - timing_s/agent_loop/tool_calls/mean:np.float64(0.0) - timing_s/agent_loop/compute_score/min:np.float64(0.00653577595949173) - timing_s/agent_loop/compute_score/max:np.float64(0.013606645166873932) - timing_s/agent_loop/compute_score/mean:np.float64(0.008132172981277108) - timing_s/agent_loop/slowest/generate_sequences:np.float64(15.534658573567867) - timing_s/agent_loop/slowest/tool_calls:np.float64(0.0) - timing_s/agent_loop/slowest/compute_score:np.float64(0.007395029067993164) - timing_s/agent_loop/slowest/num_preempted:np.int64(-1) - timing_s/agent_loop/slowest/prompt_length:163 - timing_s/agent_loop/slowest/response_length:1024 - timing_s/gen:19.75864229351282 - timing_s/reward:2.9124319553375244e-05 - timing_s/old_log_prob:2.475851133465767 - timing_s/ref:1.0318152382969856 - timing_s/adv:0.0025567710399627686 - timing_s/update_actor:4.810353867709637 - timing_s/drafter:0.0019877925515174866 - timing_s/update_weights:4.343539200723171 - timing_s/step:32.43685318529606 - timing_s/stop_profile:0.0001072809100151062 - timing_per_token_ms/adv:6.007309602600429e-05 - timing_per_token_ms/ref:0.024243209471041225 - timing_per_token_ms/gen:0.6209309039160561 - timing_per_token_ms/update_actor:0.11302257624843487 - perf/total_num_tokens:42561 - perf/time_per_step:32.43685318529606 - perf/throughput:164.01483120476263
(SpecoSGLangHttpServer pid=729143) [2026-09-02 18:15:27] Prefill batch, #new-seq: 1, #new-token: 167, #cached-token: 0, token usage: 0.01, #running-req: 0, #queue-req: 0, #pending-token: 0, cuda graph: False, input throughput (token/s): 5.16
(SpecoSGLangHttpServer pid=729144) [2026-09-02 18:15:29] Decode batch, #running-req: 8, #token: 2084, token usage: 0.01, accept len: 3.95, accept rate: 0.42, cuda graph: False, gen throughput (token/s): 62.64, #queue-req: 0
(SpecoSGLangHttpServer pid=729151) [2026-09-02 18:15:25] Cache flushed successfully! [repeated 15x across cluster]
(WorkerDict pid=728175) WARNING:2026-09-02 18:15:25,751:[speco sglang target update] done global_steps=5 buckets=5 elapsed_sec=1.255 [repeated 7x across cluster]
(SpecoSGLangHttpServer pid=729151) [2026-09-02 18:15:25] Parameter lm_head.weight not found in params_dict [repeated 7x across cluster]
(SpecoSGLangHttpServer pid=729151) [2026-09-02 18:15:27] Prefill batch, #new-seq: 7, #new-token: 1196, #cached-token: 0, token usage: 0.00, #running-req: 1, #queue-req: 0, #pending-token: 0, cuda graph: False, input throughput (token/s): 17200.10 [repeated 15x across cluster]
(raylet) [2026-09-02 18:15:34,325 E 727446 727478] (raylet) file_system_monitor.cc:116: /data/ray_tmp/ray/session_2026-09-02_18-02-52_158824_726500 is over 95% full, available space: 5955.12 GB; capacity: 512000 GB. Object creation will fail if spilling is required.
(SpecoSGLangHttpServer pid=729143) [2026-09-02 18:15:34] Decode batch, #running-req: 2, #token: 992, token usage: 0.01, accept len: 3.69, accept rate: 0.38, cuda graph: False, gen throughput (token/s): 231.63, #queue-req: 0 [repeated 21x across cluster]
(SpecoSGLangHttpServer pid=729145) [2026-09-02 18:15:39] Decode batch, #running-req: 1, #token: 881, token usage: 0.00, accept len: 4.40, accept rate: 0.49, cuda graph: False, gen throughput (token/s): 70.73, #queue-req: 0 [repeated 17x across cluster]
(raylet) [2026-09-02 18:15:44,362 E 727446 727478] (raylet) file_system_monitor.cc:116: /data/ray_tmp/ray/session_2026-09-02_18-02-52_158824_726500 is over 95% full, available space: 5955.09 GB; capacity: 512000 GB. Object creation will fail if spilling is required.
(SpecoSGLangHttpServer pid=729142) [2026-09-02 18:15:45] Cache flushed successfully!
(SpecoSGLangHttpServer pid=729143) [2026-09-02 18:15:44] Decode batch, #running-req: 1, #token: 1158, token usage: 0.01, accept len: 4.10, accept rate: 0.44, cuda graph: False, gen throughput (token/s): 67.28, #queue-req: 0 [repeated 7x across cluster]
(raylet) [2026-09-02 18:15:54,425 E 727446 727478] (raylet) file_system_monitor.cc:116: /data/ray_tmp/ray/session_2026-09-02_18-02-52_158824_726500 is over 95% full, available space: 5955.09 GB; capacity: 512000 GB. Object creation will fail if spilling is required.
(SpecoSGLangHttpServer pid=729151) [2026-09-02 18:15:45] Cache flushed successfully! [repeated 7x across cluster]
(WorkerDict pid=728170) WARNING:2026-09-02 18:15:55,907:[actor lm_head export] name=lm_head.weight shape=(151936, 2560) dtype=torch.bfloat16 source_vocab=151936 selected_rows=None
(raylet) [2026-09-02 18:16:04,431 E 727446 727478] (raylet) file_system_monitor.cc:116: /data/ray_tmp/ray/session_2026-09-02_18-02-52_158824_726500 is over 95% full, available space: 5953.42 GB; capacity: 512000 GB. Object creation will fail if spilling is required.
(SpecoWorker pid=731469) WARNING:2026-09-02 18:16:08,348:[drafter logits quality] valid_tokens=224 top1_acc=0.388393 top5_acc=0.665179 local_ploss_sum=393.801514 local_tokens=224 per_step=[{'step': 0, 'tokens': 32, 'top1': 0.8125, 'top5': 0.9375}, {'step': 1, 'tokens': 32, 'top1': 0.53125, 'top5': 0.9375}, {'step': 2, 'tokens': 32, 'top1': 0.40625, 'top5': 0.78125}, {'step': 3, 'tokens': 32, 'top1': 0.3125, 'top5': 0.6875}, {'step': 4, 'tokens': 32, 'top1': 0.3125, 'top5': 0.5625}, {'step': 5, 'tokens': 32, 'top1': 0.25, 'top5': 0.40625}, {'step': 6, 'tokens': 32, 'top1': 0.09375, 'top5': 0.34375}]
(SpecoWorker pid=731469) WARNING:2026-09-02 18:16:08,630:[drafter loss] step=1 optimizer_step_total=41 lr=1.000e-05 loss=3.3699 vloss=0.0000 ploss=3.3699
(SpecoWorker pid=731468) WARNING:2026-09-02 18:16:13,303:[drafter logits quality] valid_tokens=224 top1_acc=0.504464 top5_acc=0.727679 local_ploss_sum=301.241974 local_tokens=224 per_step=[{'step': 0, 'tokens': 32, 'top1': 0.8125, 'top5': 0.9375}, {'step': 1, 'tokens': 32, 'top1': 0.75, 'top5': 0.96875}, {'step': 2, 'tokens': 32, 'top1': 0.71875, 'top5': 0.8125}, {'step': 3, 'tokens': 32, 'top1': 0.40625, 'top5': 0.65625}, {'step': 4, 'tokens': 32, 'top1': 0.34375, 'top5': 0.6875}, {'step': 5, 'tokens': 32, 'top1': 0.1875, 'top5': 0.4375}, {'step': 6, 'tokens': 32, 'top1': 0.3125, 'top5': 0.59375}] [repeated 127x across cluster]
(SpecoWorker pid=731468) WARNING:2026-09-02 18:16:13,550:[drafter loss] step=16 optimizer_step_total=56 lr=1.000e-05 loss=2.8530 vloss=0.0000 ploss=2.8530 [repeated 127x across cluster]
(raylet) [2026-09-02 18:16:14,489 E 727446 727478] (raylet) file_system_monitor.cc:116: /data/ray_tmp/ray/session_2026-09-02_18-02-52_158824_726500 is over 95% full, available space: 5953.42 GB; capacity: 512000 GB. Object creation will fail if spilling is required.
(SpecoSGLangHttpServer pid=729143) [2026-09-02 18:16:21] Cache flushed successfully!
(SpecoWorker pid=731468) WARNING:2026-09-02 18:16:14,616:[drafter logits quality] valid_tokens=224 top1_acc=0.446429 top5_acc=0.705357 local_ploss_sum=354.170166 local_tokens=224 per_step=[{'step': 0, 'tokens': 32, 'top1': 0.75, 'top5': 0.9375}, {'step': 1, 'tokens': 32, 'top1': 0.625, 'top5': 0.84375}, {'step': 2, 'tokens': 32, 'top1': 0.5, 'top5': 0.75}, {'step': 3, 'tokens': 32, 'top1': 0.40625, 'top5': 0.65625}, {'step': 4, 'tokens': 32, 'top1': 0.3125, 'top5': 0.6875}, {'step': 5, 'tokens': 32, 'top1': 0.34375, 'top5': 0.5625}, {'step': 6, 'tokens': 32, 'top1': 0.1875, 'top5': 0.5}] [repeated 32x across cluster]
(SpecoWorker pid=731468) WARNING:2026-09-02 18:16:14,885:[drafter loss] step=20 optimizer_step_total=60 lr=1.000e-05 loss=3.1021 vloss=0.0000 ploss=3.1021 [repeated 32x across cluster]
(SpecoSGLangHttpServer pid=729143) [2026-09-02 18:16:23] Parameter lm_head.weight not found in params_dict
(WorkerDict pid=728171) WARNING:2026-09-02 18:16:23,373:[speco sglang target update] done global_steps=6 buckets=5 elapsed_sec=1.403
(raylet) [2026-09-02 18:16:24,530 E 727446 727478] (raylet) file_system_monitor.cc:116: /data/ray_tmp/ray/session_2026-09-02_18-02-52_158824_726500 is over 95% full, available space: 5953.41 GB; capacity: 512000 GB. Object creation will fail if spilling is required.
(WorkerDict pid=728170) WARNING:2026-09-02 18:16:27,128:[speco publish materialize] async=False global_steps=6 elapsed_sec=0.968 num_weights=81
(SpecoSGLangHttpServer pid=729147) [2026-09-02 18:16:23] Cache flushed successfully! [repeated 15x across cluster]
(WorkerDict pid=728176) WARNING:2026-09-02 18:16:27,733:[speco sglang draft update] done global_steps=6 buckets=3 bucket_mb=512 elapsed_sec=0.619
(SpecoTaskRunner pid=727725) 
Training Progress:  75%|███████▌  | 6/8 [05:31<01:43, 51.93s/it]
(SpecoTaskRunner pid=727725) step:6 - global_seqlen/min:4317 - global_seqlen/max:8477 - global_seqlen/minmax_diff:4160 - global_seqlen/balanced_min:5915 - global_seqlen/balanced_max:5923 - global_seqlen/mean:5919.375 - actor/entropy:0.0 - perf/mfu/actor_infer:0.14898397026666343 - actor/pg_clipfrac:np.float64(0.0) - actor/ppo_kl:np.float64(0.0) - actor/pg_clipfrac_lower:np.float64(0.0) - actor/pg_loss:np.float64(0.01647626142948866) - actor/kl_loss:np.float64(0.003251311252824962) - actor/kl_coef:np.float64(0.001) - actor/loss:np.float64(0.016479510813951492) - actor/grad_norm:np.float64(0.5772421360015869) - actor/lr:np.float64(1e-06) - actor/perf/max_memory_allocated_gb:np.float64(13.708402633666992) - actor/perf/max_memory_reserved_gb:np.float64(19.4453125) - actor/perf/cpu_memory_used_gb:np.float64(422.4158592224121) - perf/mfu/actor:np.float64(0.15042567471826596) - drafter/raw_drafter_samples:np.float64(64.0) - drafter/collected_samples:np.float64(8.0) - drafter/collect_interval_matched:np.float64(1.0) - drafter/collection_plan_used:np.float64(1.0) - drafter/collection_plan_collect:np.float64(1.0) - drafter/collection_plan_reason:np.float64(7.0) - drafter/collection_plan_source:np.float64(2.0) - drafter/collection_plan_interval_matched:np.float64(1.0) - drafter/collection_plan_training_interval_matched:np.float64(1.0) - drafter/collection_attempted:np.float64(1.0) - drafter/collection_completed:np.float64(1.0) - drafter/collection_outcome_reason:np.float64(1.0) - drafter/collection_rejected_samples:np.float64(0.0) - drafter/collection_worker_results:np.float64(8.0) - drafter/collection_finalized:np.float64(1.0) - drafter/collection_expired_stages:np.float64(0.0) - timing_s/drafter_collection_rpc:np.float64(0.05983041226863861) - drafter/scheduler_used:np.float64(1.0) - drafter/schedule_launch:np.float64(1.0) - drafter/schedule_interval_matched:np.float64(1.0) - drafter/schedule_strategy:np.float64(0.0) - drafter/schedule_reason:np.float64(10.0) - drafter/target_lm_head_apply_deferred:np.float64(1.0) - drafter/target_lm_head_selected_rows:np.float64(0.0) - drafter/target_lm_head_source_vocab_size:np.float64(0.0) - drafter/target_lm_head_direct_sparse_export:np.float64(0.0) - timing_s/drafter_sync_target_lm_head_fetch:np.float64(4.326680317521095) - timing_s/drafter_sync_target_lm_head_dispatch:np.float64(0.7717036306858063) - drafter/train_interval_matched:np.float64(1.0) - drafter/target_lm_head_synced:np.float64(1.0) - timing_s/drafter_sync_target_lm_head:np.float64(5.103601835668087) - timing_s/drafter_sync_target_lm_head_apply:np.float64(0.77208261936903) - timing_s/drafter_sync_target_lm_head_wait:np.float64(0.00037898868322372437) - timing_s/drafter_sync_target_lm_head_overlap_window:np.float64(6.621557019650936) - drafter/trained:np.float64(1.0) - drafter/train_successful_steps_max:np.int64(20) - drafter/train_no_trainable_batch:np.float64(0.0) - drafter/train_activation_failed:np.float64(0.0) - drafter/train_attempted_batches_max:np.int64(20) - drafter/train_buffer_size_before_min:np.int64(1) - drafter/train_buffer_size_after_min:np.int64(0) - drafter/train_optimizer_step_max:np.int64(60) - drafter/train_worker_results_consistent:np.float64(1.0) - drafter/train_worker_ids_consistent:np.float64(1.0) - drafter/train_worker_incarnations_consistent:np.float64(1.0) - drafter/train_plan_ids_consistent:np.float64(1.0) - drafter/train_source_steps_consistent:np.float64(1.0) - drafter/train_data_versions_consistent:np.float64(1.0) - drafter/train_target_versions_consistent:np.float64(1.0) - drafter/train_successful_steps_consistent:np.float64(1.0) - drafter/train_optimizer_steps_consistent:np.float64(1.0) - drafter/train_publish_leader_count:np.float64(1.0) - drafter/train_publish_leader_snapshot_ready:np.float64(1.0) - timing_s/drafter_prepare_batch:np.float64(0.08308863639831543) - timing_s/drafter_forward_loss:np.float64(2.5934863090515137) - timing_s/drafter_reduce_loss:np.float64(0.04757881164550781) - timing_s/drafter_backward:np.float64(1.2680494785308838) - timing_s/drafter_optimizer:np.float64(2.1658554077148438) - timing_s/drafter_publish_snapshot:np.float64(2.6634175777435303) - timing_s/drafter_worker_training_loop:np.float64(6.646416187286377) - timing_s/drafter_worker_cleanup:np.float64(3.17413330078125) - timing_s/drafter_worker_elapsed:np.float64(12.01925802230835) - timing_s/drafter_train_rpc:np.float64(14.873278819024563) - drafter/runtime_state:np.float64(3.0) - drafter/runtime_completed_batches:np.float64(20.0) - drafter/runtime_inflight:np.float64(0.0) - timing_s/drafter_runtime_batch_average:np.float64(0.7436639409512281) - timing_s/drafter_outer_unaccounted:np.float64(0.012290798127651215) - drafter/publish_attempted:np.float64(1.0) - drafter/published:np.float64(1.0) - timing_s/drafter_publish_wait_pending:np.float64(9.432435035705566e-06) - timing_s/drafter_publish_fetch_snapshot:np.float64(1.5724293291568756) - timing_s/drafter_publish_update_weights:np.float64(1.7546689733862877) - training/global_step:6 - training/epoch:0 - critic/score/mean:0.8125 - critic/score/max:1.0 - critic/score/min:0.0 - critic/rewards/mean:0.8125 - critic/rewards/max:1.0 - critic/rewards/min:0.0 - critic/advantages/mean:-0.016476264223456383 - critic/advantages/max:1.4999970197677612 - critic/advantages/min:-1.4999970197677612 - critic/returns/mean:-0.016476264223456383 - critic/returns/max:1.4999970197677612 - critic/returns/min:-1.4999970197677612 - response_length/mean:570.421875 - response_length/max:1024.0 - response_length/min:286.0 - response_length/clip_ratio:0.140625 - response_length_non_aborted/mean:570.421875 - response_length_non_aborted/max:1024.0 - response_length_non_aborted/min:286.0 - response_length_non_aborted/clip_ratio:0.140625 - response/aborted_ratio:0.0 - prompt_length/mean:169.5 - prompt_length/max:198.0 - prompt_length/min:146.0 - prompt_length/clip_ratio:0.0 - num_turns/min:np.int32(2) - num_turns/max:np.int32(2) - num_turns/mean:np.float64(2.0) - timing_s/start_profile:7.445365190505981e-05 - timing_s/agent_loop/num_preempted/min:np.int64(-1) - timing_s/agent_loop/num_preempted/max:np.int64(-1) - timing_s/agent_loop/num_preempted/mean:np.float64(-1.0) - timing_s/agent_loop/generate_sequences/min:np.float64(4.668162748217583) - timing_s/agent_loop/generate_sequences/max:np.float64(18.14233510196209) - timing_s/agent_loop/generate_sequences/mean:np.float64(8.657423013122752) - timing_s/agent_loop/tool_calls/min:np.float64(0.0) - timing_s/agent_loop/tool_calls/max:np.float64(0.0) - timing_s/agent_loop/tool_calls/mean:np.float64(0.0) - timing_s/agent_loop/compute_score/min:np.float64(0.006696559488773346) - timing_s/agent_loop/compute_score/max:np.float64(0.012003511190414429) - timing_s/agent_loop/compute_score/mean:np.float64(0.00836736534256488) - timing_s/agent_loop/slowest/generate_sequences:np.float64(18.14233510196209) - timing_s/agent_loop/slowest/tool_calls:np.float64(0.0) - timing_s/agent_loop/slowest/compute_score:np.float64(0.008149117231369019) - timing_s/agent_loop/slowest/num_preempted:np.int64(-1) - timing_s/agent_loop/slowest/prompt_length:146 - timing_s/agent_loop/slowest/response_length:1024 - timing_s/gen:22.290636375546455 - timing_s/reward:2.5220215320587158e-05 - timing_s/old_log_prob:3.1279091760516167 - timing_s/ref:1.278186447918415 - timing_s/adv:0.003043748438358307 - timing_s/update_actor:6.621577620506287 - timing_s/drafter:19.9891714528203 - timing_s/update_weights:7.644502602517605 - timing_s/step:60.967555195093155 - timing_s/stop_profile:0.0001383647322654724 - timing_per_token_ms/adv:6.42751227612355e-05 - timing_per_token_ms/ref:0.026991583738114562 - timing_per_token_ms/gen:0.6105852679087971 - timing_per_token_ms/update_actor:0.13982847894638975 - perf/total_num_tokens:47355 - perf/time_per_step:60.967555195093155 - perf/throughput:97.09057516015352
(SpecoSGLangHttpServer pid=729143) [2026-09-02 18:16:28] Prefill batch, #new-seq: 1, #new-token: 152, #cached-token: 0, token usage: 0.01, #running-req: 0, #queue-req: 0, #pending-token: 0, cuda graph: False, input throughput (token/s): 2.50
(SpecoSGLangHttpServer pid=729143) [2026-09-02 18:16:30] Decode batch, #running-req: 8, #token: 2014, token usage: 0.01, accept len: 3.80, accept rate: 0.40, cuda graph: False, gen throughput (token/s): 26.32, #queue-req: 0
(SpecoSGLangHttpServer pid=729151) [2026-09-02 18:16:23] Parameter lm_head.weight not found in params_dict [repeated 7x across cluster]
(WorkerDict pid=728175) WARNING:2026-09-02 18:16:23,370:[speco sglang target update] done global_steps=6 buckets=5 elapsed_sec=1.299 [repeated 7x across cluster]
(WorkerDict pid=728172) WARNING:2026-09-02 18:16:27,188:[speco publish materialize] async=False global_steps=6 elapsed_sec=1.028 num_weights=81 [repeated 7x across cluster]
(SpecoSGLangHttpServer pid=729150) [2026-09-02 18:16:27] Cache flushed successfully! [repeated 16x across cluster]
(WorkerDict pid=728172) WARNING:2026-09-02 18:16:27,859:[speco sglang draft update] done global_steps=6 buckets=3 bucket_mb=512 elapsed_sec=0.670 [repeated 7x across cluster]
(SpecoSGLangHttpServer pid=729151) [2026-09-02 18:16:28] Prefill batch, #new-seq: 7, #new-token: 1212, #cached-token: 0, token usage: 0.00, #running-req: 1, #queue-req: 0, #pending-token: 0, cuda graph: False, input throughput (token/s): 17876.62 [repeated 15x across cluster]
(raylet) [2026-09-02 18:16:34,595 E 727446 727478] (raylet) file_system_monitor.cc:116: /data/ray_tmp/ray/session_2026-09-02_18-02-52_158824_726500 is over 95% full, available space: 5953.38 GB; capacity: 512000 GB. Object creation will fail if spilling is required.
(SpecoSGLangHttpServer pid=729142) [2026-09-02 18:16:35] Decode batch, #running-req: 2, #token: 1219, token usage: 0.01, accept len: 4.39, accept rate: 0.48, cuda graph: False, gen throughput (token/s): 318.65, #queue-req: 0 [repeated 21x across cluster]
(SpecoSGLangHttpServer pid=729147) [2026-09-02 18:16:42] Decode batch, #running-req: 2, #token: 1998, token usage: 0.01, accept len: 4.19, accept rate: 0.46, cuda graph: False, gen throughput (token/s): 208.68, #queue-req: 0 [repeated 16x across cluster]
(raylet) [2026-09-02 18:16:44,647 E 727446 727478] (raylet) file_system_monitor.cc:116: /data/ray_tmp/ray/session_2026-09-02_18-02-52_158824_726500 is over 95% full, available space: 5953.34 GB; capacity: 512000 GB. Object creation will fail if spilling is required.
(SpecoSGLangHttpServer pid=729143) [2026-09-02 18:16:44] Cache flushed successfully!
(SpecoSGLangHttpServer pid=729146) [2026-09-02 18:16:42] Decode batch, #running-req: 1, #token: 1233, token usage: 0.01, accept len: 4.75, accept rate: 0.54, cuda graph: False, gen throughput (token/s): 77.49, #queue-req: 0
(raylet) [2026-09-02 18:16:54,710 E 727446 727478] (raylet) file_system_monitor.cc:116: /data/ray_tmp/ray/session_2026-09-02_18-02-52_158824_726500 is over 95% full, available space: 5953.33 GB; capacity: 512000 GB. Object creation will fail if spilling is required.
(SpecoSGLangHttpServer pid=729151) [2026-09-02 18:16:45] Cache flushed successfully! [repeated 7x across cluster]
(WorkerDict pid=728171) WARNING:2026-09-02 18:17:00,231:[speco sglang target update] done global_steps=7 buckets=5 elapsed_sec=1.363
(SpecoSGLangHttpServer pid=729145) [2026-09-02 18:16:59] Cache flushed successfully! [repeated 8x across cluster]
(SpecoSGLangHttpServer pid=729143) [2026-09-02 18:17:00] Parameter lm_head.weight not found in params_dict
(SpecoTaskRunner pid=727725) 
Training Progress:  88%|████████▊ | 7/8 [06:04<00:45, 45.88s/it]
(SpecoTaskRunner pid=727725) step:7 - global_seqlen/min:3120 - global_seqlen/max:8338 - global_seqlen/minmax_diff:5218 - global_seqlen/balanced_min:5468 - global_seqlen/balanced_max:5477 - global_seqlen/mean:5472.625 - actor/entropy:0.0 - perf/mfu/actor_infer:0.19165751785732396 - actor/pg_clipfrac:np.float64(0.0) - actor/ppo_kl:np.float64(0.0) - actor/pg_clipfrac_lower:np.float64(0.0) - actor/pg_loss:np.float64(0.005766726098954678) - actor/kl_loss:np.float64(0.002940946229500696) - actor/kl_coef:np.float64(0.001) - actor/loss:np.float64(0.00576966954395175) - actor/grad_norm:np.float64(0.41193240880966187) - actor/lr:np.float64(1e-06) - actor/perf/max_memory_allocated_gb:np.float64(13.708402633666992) - actor/perf/max_memory_reserved_gb:np.float64(19.4453125) - actor/perf/cpu_memory_used_gb:np.float64(416.4271354675293) - perf/mfu/actor:np.float64(0.1866186092617412) - drafter/raw_drafter_samples:np.float64(0.0) - drafter/collected_samples:np.float64(0.0) - drafter/collect_interval_matched:np.float64(1.0) - drafter/collection_plan_used:np.float64(1.0) - drafter/collection_plan_collect:np.float64(0.0) - drafter/collection_plan_reason:np.float64(5.0) - drafter/collection_plan_source:np.float64(2.0) - drafter/collection_plan_interval_matched:np.float64(1.0) - drafter/collection_plan_training_interval_matched:np.float64(0.0) - drafter/scheduler_used:np.float64(1.0) - drafter/schedule_launch:np.float64(0.0) - drafter/schedule_interval_matched:np.float64(0.0) - drafter/schedule_strategy:np.float64(0.0) - drafter/schedule_reason:np.float64(2.0) - drafter/target_lm_head_synced:np.float64(0.0) - drafter/train_interval_matched:np.float64(0.0) - drafter/trained:np.float64(0.0) - drafter/train_successful_steps_max:np.int64(0) - drafter/train_no_trainable_batch:np.float64(0.0) - drafter/train_activation_failed:np.float64(0.0) - drafter/runtime_state:np.float64(0.0) - drafter/runtime_completed_batches:np.float64(0.0) - drafter/runtime_inflight:np.float64(0.0) - timing_s/drafter_runtime_batch_average:np.float64(0.7436639409512281) - drafter/publish_attempted:np.float64(0.0) - drafter/published:np.float64(0.0) - timing_s/drafter_outer_unaccounted:np.float64(0.0021091029047966003) - training/global_step:7 - training/epoch:0 - critic/score/mean:0.859375 - critic/score/max:1.0 - critic/score/min:0.0 - critic/rewards/mean:0.859375 - critic/rewards/max:1.0 - critic/rewards/min:0.0 - critic/advantages/mean:-0.005766717251390219 - critic/advantages/max:0.4999989867210388 - critic/advantages/min:-1.4999970197677612 - critic/returns/mean:-0.005766717251390219 - critic/returns/max:0.4999989867210388 - critic/returns/min:-1.4999970197677612 - response_length/mean:517.515625 - response_length/max:1024.0 - response_length/min:178.0 - response_length/clip_ratio:0.078125 - response_length_non_aborted/mean:517.515625 - response_length_non_aborted/max:1024.0 - response_length_non_aborted/min:178.0 - response_length_non_aborted/clip_ratio:0.078125 - response/aborted_ratio:0.0 - prompt_length/mean:166.5625 - prompt_length/max:232.0 - prompt_length/min:135.0 - prompt_length/clip_ratio:0.0 - num_turns/min:np.int32(2) - num_turns/max:np.int32(2) - num_turns/mean:np.float64(2.0) - timing_s/start_profile:7.565319538116455e-05 - timing_s/agent_loop/num_preempted/min:np.int64(-1) - timing_s/agent_loop/num_preempted/max:np.int64(-1) - timing_s/agent_loop/num_preempted/mean:np.float64(-1.0) - timing_s/agent_loop/generate_sequences/min:np.float64(2.5355877354741096) - timing_s/agent_loop/generate_sequences/max:np.float64(16.417347475886345) - timing_s/agent_loop/generate_sequences/mean:np.float64(8.02478019928094) - timing_s/agent_loop/tool_calls/min:np.float64(0.0) - timing_s/agent_loop/tool_calls/max:np.float64(0.0) - timing_s/agent_loop/tool_calls/mean:np.float64(0.0) - timing_s/agent_loop/compute_score/min:np.float64(0.006642982363700867) - timing_s/agent_loop/compute_score/max:np.float64(0.033398568630218506) - timing_s/agent_loop/compute_score/mean:np.float64(0.00844223063904792) - timing_s/agent_loop/slowest/generate_sequences:np.float64(16.417347475886345) - timing_s/agent_loop/slowest/tool_calls:np.float64(0.0) - timing_s/agent_loop/slowest/compute_score:np.float64(0.008996210992336273) - timing_s/agent_loop/slowest/num_preempted:np.int64(-1) - timing_s/agent_loop/slowest/prompt_length:169 - timing_s/agent_loop/slowest/response_length:1024 - timing_s/gen:20.78101073205471 - timing_s/reward:2.3826956748962402e-05 - timing_s/old_log_prob:2.4945325553417206 - timing_s/ref:1.061060607433319 - timing_s/adv:0.002538122236728668 - timing_s/update_actor:4.7850629314780235 - timing_s/drafter:0.0021091029047966003 - timing_s/update_weights:4.292613238096237 - timing_s/step:33.43163728713989 - timing_s/stop_profile:9.687989950180054e-05 - timing_per_token_ms/adv:5.797314444002349e-05 - timing_per_token_ms/ref:0.024235641201281813 - timing_per_token_ms/gen:0.6274270321564781 - timing_per_token_ms/update_actor:0.10929542339092353 - perf/total_num_tokens:43781 - perf/time_per_step:33.43163728713989 - perf/throughput:163.6959911055612
(SpecoSGLangHttpServer pid=729143) [2026-09-02 18:17:01] Prefill batch, #new-seq: 1, #new-token: 178, #cached-token: 0, token usage: 0.01, #running-req: 0, #queue-req: 0, #pending-token: 0, cuda graph: False, input throughput (token/s): 5.33
(SpecoSGLangHttpServer pid=729142) [2026-09-02 18:17:04] Decode batch, #running-req: 8, #token: 2015, token usage: 0.01, accept len: 3.76, accept rate: 0.39, cuda graph: False, gen throughput (token/s): 46.23, #queue-req: 0
(raylet) [2026-09-02 18:17:04,715 E 727446 727478] (raylet) file_system_monitor.cc:116: /data/ray_tmp/ray/session_2026-09-02_18-02-52_158824_726500 is over 95% full, available space: 5953.33 GB; capacity: 512000 GB. Object creation will fail if spilling is required.
(WorkerDict pid=728175) WARNING:2026-09-02 18:17:00,242:[speco sglang target update] done global_steps=7 buckets=5 elapsed_sec=1.213 [repeated 7x across cluster]
(SpecoSGLangHttpServer pid=729151) [2026-09-02 18:17:00] Cache flushed successfully! [repeated 8x across cluster]
(SpecoSGLangHttpServer pid=729151) [2026-09-02 18:17:00] Parameter lm_head.weight not found in params_dict [repeated 7x across cluster]
(SpecoSGLangHttpServer pid=729151) [2026-09-02 18:17:01] Prefill batch, #new-seq: 7, #new-token: 1278, #cached-token: 0, token usage: 0.00, #running-req: 1, #queue-req: 0, #pending-token: 0, cuda graph: False, input throughput (token/s): 17433.20 [repeated 15x across cluster]
(SpecoSGLangHttpServer pid=729143) [2026-09-02 18:17:09] Decode batch, #running-req: 2, #token: 1308, token usage: 0.01, accept len: 4.72, accept rate: 0.53, cuda graph: False, gen throughput (token/s): 309.59, #queue-req: 0 [repeated 22x across cluster]
(raylet) [2026-09-02 18:17:14,772 E 727446 727478] (raylet) file_system_monitor.cc:116: /data/ray_tmp/ray/session_2026-09-02_18-02-52_158824_726500 is over 95% full, available space: 5955.05 GB; capacity: 512000 GB. Object creation will fail if spilling is required.
(SpecoSGLangHttpServer pid=729146) [2026-09-02 18:17:13] Decode batch, #running-req: 1, #token: 1031, token usage: 0.01, accept len: 4.58, accept rate: 0.51, cuda graph: False, gen throughput (token/s): 75.13, #queue-req: 0 [repeated 13x across cluster]
(SpecoSGLangHttpServer pid=729146) [2026-09-02 18:17:19] Cache flushed successfully!
(raylet) [2026-09-02 18:17:24,813 E 727446 727478] (raylet) file_system_monitor.cc:116: /data/ray_tmp/ray/session_2026-09-02_18-02-52_158824_726500 is over 95% full, available space: 5955.05 GB; capacity: 512000 GB. Object creation will fail if spilling is required.
(SpecoSGLangHttpServer pid=729150) [2026-09-02 18:17:18] Decode batch, #running-req: 1, #token: 1265, token usage: 0.01, accept len: 4.54, accept rate: 0.51, cuda graph: False, gen throughput (token/s): 78.24, #queue-req: 0 [repeated 6x across cluster]
(SpecoSGLangHttpServer pid=729151) [2026-09-02 18:17:19] Cache flushed successfully! [repeated 7x across cluster]
(WorkerDict pid=728170) WARNING:2026-09-02 18:17:29,044:[actor lm_head export] name=lm_head.weight shape=(151936, 2560) dtype=torch.bfloat16 source_vocab=151936 selected_rows=None
(raylet) [2026-09-02 18:17:34,836 E 727446 727478] (raylet) file_system_monitor.cc:116: /data/ray_tmp/ray/session_2026-09-02_18-02-52_158824_726500 is over 95% full, available space: 5955.05 GB; capacity: 512000 GB. Object creation will fail if spilling is required.
(SpecoWorker pid=731469) WARNING:2026-09-02 18:17:41,761:[drafter logits quality] valid_tokens=224 top1_acc=0.406250 top5_acc=0.660714 local_ploss_sum=445.805542 local_tokens=224 per_step=[{'step': 0, 'tokens': 32, 'top1': 0.84375, 'top5': 0.96875}, {'step': 1, 'tokens': 32, 'top1': 0.65625, 'top5': 0.875}, {'step': 2, 'tokens': 32, 'top1': 0.5, 'top5': 0.8125}, {'step': 3, 'tokens': 32, 'top1': 0.34375, 'top5': 0.65625}, {'step': 4, 'tokens': 32, 'top1': 0.1875, 'top5': 0.53125}, {'step': 5, 'tokens': 32, 'top1': 0.125, 'top5': 0.375}, {'step': 6, 'tokens': 32, 'top1': 0.1875, 'top5': 0.40625}]
(SpecoWorker pid=731469) WARNING:2026-09-02 18:17:42,053:[drafter loss] step=1 optimizer_step_total=61 lr=1.000e-05 loss=3.3535 vloss=0.0000 ploss=3.3535
(raylet) [2026-09-02 18:17:44,872 E 727446 727478] (raylet) file_system_monitor.cc:116: /data/ray_tmp/ray/session_2026-09-02_18-02-52_158824_726500 is over 95% full, available space: 5955.05 GB; capacity: 512000 GB. Object creation will fail if spilling is required.
(SpecoWorker pid=731469) WARNING:2026-09-02 18:17:46,992:[drafter logits quality] valid_tokens=224 top1_acc=0.473214 top5_acc=0.714286 local_ploss_sum=381.514099 local_tokens=224 per_step=[{'step': 0, 'tokens': 32, 'top1': 0.875, 'top5': 0.9375}, {'step': 1, 'tokens': 32, 'top1': 0.65625, 'top5': 0.8125}, {'step': 2, 'tokens': 32, 'top1': 0.53125, 'top5': 0.75}, {'step': 3, 'tokens': 32, 'top1': 0.34375, 'top5': 0.78125}, {'step': 4, 'tokens': 32, 'top1': 0.4375, 'top5': 0.65625}, {'step': 5, 'tokens': 32, 'top1': 0.25, 'top5': 0.625}, {'step': 6, 'tokens': 32, 'top1': 0.21875, 'top5': 0.4375}] [repeated 128x across cluster]
(SpecoWorker pid=731469) WARNING:2026-09-02 18:17:47,277:[drafter loss] step=17 optimizer_step_total=77 lr=1.000e-05 loss=2.7821 vloss=0.0000 ploss=2.7821 [repeated 128x across cluster]
(raylet) [2026-09-02 18:17:54,879 E 727446 727478] (raylet) file_system_monitor.cc:116: /data/ray_tmp/ray/session_2026-09-02_18-02-52_158824_726500 is over 95% full, available space: 5955.02 GB; capacity: 512000 GB. Object creation will fail if spilling is required.
(SpecoWorker pid=731468) WARNING:2026-09-02 18:17:48,004:[drafter logits quality] valid_tokens=224 top1_acc=0.477679 top5_acc=0.678571 local_ploss_sum=325.082886 local_tokens=224 per_step=[{'step': 0, 'tokens': 32, 'top1': 0.84375, 'top5': 0.9375}, {'step': 1, 'tokens': 32, 'top1': 0.71875, 'top5': 0.84375}, {'step': 2, 'tokens': 32, 'top1': 0.46875, 'top5': 0.78125}, {'step': 3, 'tokens': 32, 'top1': 0.53125, 'top5': 0.71875}, {'step': 4, 'tokens': 32, 'top1': 0.4375, 'top5': 0.5625}, {'step': 5, 'tokens': 32, 'top1': 0.28125, 'top5': 0.5}, {'step': 6, 'tokens': 32, 'top1': 0.0625, 'top5': 0.40625}] [repeated 31x across cluster]
(SpecoWorker pid=731468) WARNING:2026-09-02 18:17:48,270:[drafter loss] step=20 optimizer_step_total=80 lr=1.000e-05 loss=3.0168 vloss=0.0000 ploss=3.0168 [repeated 31x across cluster]
(SpecoSGLangHttpServer pid=729143) [2026-09-02 18:17:55] Cache flushed successfully!
(WorkerDict pid=728171) WARNING:2026-09-02 18:17:56,592:[speco sglang target update] done global_steps=8 buckets=5 elapsed_sec=1.396
(SpecoSGLangHttpServer pid=729143) [2026-09-02 18:17:56] Parameter lm_head.weight not found in params_dict
(WorkerDict pid=728172) WARNING:2026-09-02 18:18:00,131:[speco publish materialize] async=False global_steps=8 elapsed_sec=0.886 num_weights=81
(SpecoSGLangHttpServer pid=729143) [2026-09-02 18:18:00] Cache flushed successfully! [repeated 18x across cluster]
(WorkerDict pid=728170) WARNING:2026-09-02 18:18:00,813:[speco sglang draft update] done global_steps=8 buckets=3 bucket_mb=512 elapsed_sec=0.659
(SpecoTaskRunner pid=727725) 
Training Progress: 100%|██████████| 8/8 [07:04<00:00, 50.26s/it]
Training Progress: 100%|██████████| 8/8 [07:04<00:00, 53.03s/it]
(SpecoTaskRunner pid=727725) step:8 - global_seqlen/min:4065 - global_seqlen/max:6867 - global_seqlen/minmax_diff:2802 - global_seqlen/balanced_min:5237 - global_seqlen/balanced_max:5264 - global_seqlen/mean:5254.25 - actor/entropy:0.0 - perf/mfu/actor_infer:0.13901968713795468 - actor/pg_clipfrac:np.float64(0.0) - actor/ppo_kl:np.float64(0.0) - actor/pg_clipfrac_lower:np.float64(0.0) - actor/pg_loss:np.float64(0.0) - actor/kl_loss:np.float64(0.0034192244929727167) - actor/kl_coef:np.float64(0.001) - actor/loss:np.float64(3.419224867684534e-06) - actor/grad_norm:np.float64(0.0006874732207506895) - actor/lr:np.float64(1e-06) - actor/perf/max_memory_allocated_gb:np.float64(13.708402633666992) - actor/perf/max_memory_reserved_gb:np.float64(19.4453125) - actor/perf/cpu_memory_used_gb:np.float64(423.0865058898926) - perf/mfu/actor:np.float64(0.15011696762980753) - drafter/raw_drafter_samples:np.float64(64.0) - drafter/collected_samples:np.float64(8.0) - drafter/collect_interval_matched:np.float64(1.0) - drafter/collection_plan_used:np.float64(1.0) - drafter/collection_plan_collect:np.float64(1.0) - drafter/collection_plan_reason:np.float64(7.0) - drafter/collection_plan_source:np.float64(2.0) - drafter/collection_plan_interval_matched:np.float64(1.0) - drafter/collection_plan_training_interval_matched:np.float64(1.0) - drafter/collection_attempted:np.float64(1.0) - drafter/collection_completed:np.float64(1.0) - drafter/collection_outcome_reason:np.float64(1.0) - drafter/collection_rejected_samples:np.float64(0.0) - drafter/collection_worker_results:np.float64(8.0) - drafter/collection_finalized:np.float64(1.0) - drafter/collection_expired_stages:np.float64(0.0) - timing_s/drafter_collection_rpc:np.float64(0.07138130813837051) - drafter/scheduler_used:np.float64(1.0) - drafter/schedule_launch:np.float64(1.0) - drafter/schedule_interval_matched:np.float64(1.0) - drafter/schedule_strategy:np.float64(0.0) - drafter/schedule_reason:np.float64(10.0) - drafter/target_lm_head_apply_deferred:np.float64(1.0) - drafter/target_lm_head_selected_rows:np.float64(0.0) - drafter/target_lm_head_source_vocab_size:np.float64(0.0) - drafter/target_lm_head_direct_sparse_export:np.float64(0.0) - timing_s/drafter_sync_target_lm_head_fetch:np.float64(4.393276572227478) - timing_s/drafter_sync_target_lm_head_dispatch:np.float64(0.7667981684207916) - drafter/train_interval_matched:np.float64(1.0) - drafter/target_lm_head_synced:np.float64(1.0) - timing_s/drafter_sync_target_lm_head:np.float64(5.165113262832165) - timing_s/drafter_sync_target_lm_head_apply:np.float64(0.7671936452388763) - timing_s/drafter_sync_target_lm_head_wait:np.float64(0.0003954768180847168) - timing_s/drafter_sync_target_lm_head_overlap_window:np.float64(6.187246039509773) - drafter/trained:np.float64(1.0) - drafter/train_successful_steps_max:np.int64(20) - drafter/train_no_trainable_batch:np.float64(0.0) - drafter/train_activation_failed:np.float64(0.0) - drafter/train_attempted_batches_max:np.int64(20) - drafter/train_buffer_size_before_min:np.int64(1) - drafter/train_buffer_size_after_min:np.int64(0) - drafter/train_optimizer_step_max:np.int64(80) - drafter/train_worker_results_consistent:np.float64(1.0) - drafter/train_worker_ids_consistent:np.float64(1.0) - drafter/train_worker_incarnations_consistent:np.float64(1.0) - drafter/train_plan_ids_consistent:np.float64(1.0) - drafter/train_source_steps_consistent:np.float64(1.0) - drafter/train_data_versions_consistent:np.float64(1.0) - drafter/train_target_versions_consistent:np.float64(1.0) - drafter/train_successful_steps_consistent:np.float64(1.0) - drafter/train_optimizer_steps_consistent:np.float64(1.0) - drafter/train_publish_leader_count:np.float64(1.0) - drafter/train_publish_leader_snapshot_ready:np.float64(1.0) - timing_s/drafter_prepare_batch:np.float64(0.08379054069519043) - timing_s/drafter_forward_loss:np.float64(2.5972349643707275) - timing_s/drafter_reduce_loss:np.float64(0.04679560661315918) - timing_s/drafter_backward:np.float64(1.2860682010650635) - timing_s/drafter_optimizer:np.float64(2.1598212718963623) - timing_s/drafter_publish_snapshot:np.float64(2.679299831390381) - timing_s/drafter_worker_training_loop:np.float64(6.629066705703735) - timing_s/drafter_worker_cleanup:np.float64(3.2723593711853027) - timing_s/drafter_worker_elapsed:np.float64(11.955122470855713) - timing_s/drafter_train_rpc:np.float64(15.55036449432373) - drafter/runtime_state:np.float64(3.0) - drafter/runtime_completed_batches:np.float64(20.0) - drafter/runtime_inflight:np.float64(0.0) - timing_s/drafter_runtime_batch_average:np.float64(0.7775182247161865) - timing_s/drafter_outer_unaccounted:np.float64(0.01136188954114914) - drafter/publish_attempted:np.float64(1.0) - drafter/published:np.float64(1.0) - timing_s/drafter_publish_wait_pending:np.float64(1.4670193195343018e-05) - timing_s/drafter_publish_fetch_snapshot:np.float64(1.5276541337370872) - timing_s/drafter_publish_update_weights:np.float64(1.7507184073328972) - training/global_step:8 - training/epoch:0 - critic/score/mean:0.875 - critic/score/max:1.0 - critic/score/min:0.0 - critic/rewards/mean:0.875 - critic/rewards/max:1.0 - critic/rewards/min:0.0 - critic/advantages/mean:0.0 - critic/advantages/max:0.0 - critic/advantages/min:0.0 - critic/returns/mean:0.0 - critic/returns/max:0.0 - critic/returns/min:0.0 - response_length/mean:482.78125 - response_length/max:1024.0 - response_length/min:236.0 - response_length/clip_ratio:0.109375 - response_length_non_aborted/mean:482.78125 - response_length_non_aborted/max:1024.0 - response_length_non_aborted/min:236.0 - response_length_non_aborted/clip_ratio:0.109375 - response/aborted_ratio:0.0 - prompt_length/mean:174.0 - prompt_length/max:234.0 - prompt_length/min:129.0 - prompt_length/clip_ratio:0.0 - num_turns/min:np.int32(2) - num_turns/max:np.int32(2) - num_turns/mean:np.float64(2.0) - timing_s/start_profile:8.682161569595337e-05 - timing_s/agent_loop/num_preempted/min:np.int64(-1) - timing_s/agent_loop/num_preempted/max:np.int64(-1) - timing_s/agent_loop/num_preempted/mean:np.float64(-1.0) - timing_s/agent_loop/generate_sequences/min:np.float64(3.7400927990674973) - timing_s/agent_loop/generate_sequences/max:np.float64(17.09425837546587) - timing_s/agent_loop/generate_sequences/mean:np.float64(7.376481402548961) - timing_s/agent_loop/tool_calls/min:np.float64(0.0) - timing_s/agent_loop/tool_calls/max:np.float64(0.0) - timing_s/agent_loop/tool_calls/mean:np.float64(0.0) - timing_s/agent_loop/compute_score/min:np.float64(0.006793014705181122) - timing_s/agent_loop/compute_score/max:np.float64(0.010832928121089935) - timing_s/agent_loop/compute_score/mean:np.float64(0.00791289599146694) - timing_s/agent_loop/slowest/generate_sequences:np.float64(17.09425837546587) - timing_s/agent_loop/slowest/tool_calls:np.float64(0.0) - timing_s/agent_loop/slowest/compute_score:np.float64(0.008346982300281525) - timing_s/agent_loop/slowest/num_preempted:np.int64(-1) - timing_s/agent_loop/slowest/prompt_length:234 - timing_s/agent_loop/slowest/response_length:1024 - timing_s/gen:21.00071443617344 - timing_s/reward:2.4788081645965576e-05 - timing_s/old_log_prob:3.0695525482296944 - timing_s/ref:1.236971102654934 - timing_s/adv:0.002586737275123596 - timing_s/update_actor:6.187253162264824 - timing_s/drafter:20.726839646697044 - timing_s/update_weights:7.389599308371544 - timing_s/step:59.62701503187418 - timing_s/stop_profile:0.00011176615953445435 - timing_per_token_ms/adv:6.153916532149203e-05 - timing_per_token_ms/ref:0.029427870358636674 - timing_per_token_ms/gen:0.6796787635501793 - timing_per_token_ms/update_actor:0.1471963924980926 - perf/total_num_tokens:42034 - perf/time_per_step:59.62701503187418 - perf/throughput:88.11861531541184
(SpecoTaskRunner pid=727725) 'Final validation metrics: None'
(WorkerDict pid=728175) WARNING:2026-09-02 18:17:56,588:[speco sglang target update] done global_steps=8 buckets=5 elapsed_sec=1.180 [repeated 7x across cluster]
(SpecoSGLangHttpServer pid=729151) [2026-09-02 18:17:56] Parameter lm_head.weight not found in params_dict [repeated 7x across cluster]
(WorkerDict pid=728177) WARNING:2026-09-02 18:18:00,276:[speco publish materialize] async=False global_steps=8 elapsed_sec=1.029 num_weights=81 [repeated 7x across cluster]
(SpecoSGLangHttpServer pid=729151) [2026-09-02 18:18:00] Cache flushed successfully! [repeated 13x across cluster]
(WorkerDict pid=728175) WARNING:2026-09-02 18:18:00,946:[speco sglang draft update] done global_steps=8 buckets=3 bucket_mb=512 elapsed_sec=0.714 [repeated 7x across cluster]
EXIT_CODE=0
